cpf,id_pessoa_fisica,cidade atual,estado atual,estado de origem do cpf
,,,,
,,,,
,41173256,TREMEMBE,SAOPAULO,
,212014803,SALVADOR,BAHIA,
,252868763,PORTOALEGRE,RIOGRANDEDOSUL,
,351777344,CORURIPE,ALAGOAS,
,84464227,GUAPIACU,SAOPAULO,
,191052496,SINOP,MATOGROSSO,
,184044224,RIODEJANEIRO,RIODEJANEIRO,
,42512664,FLORIANOPOLIS,SANTACATARINA,
,265939717,GUARAPARI,ESPIRITOSANTO,
,70925411,MORAUJO,CEARA,
,52404837,SOROCABA,SAOPAULO,
,330187373,FORTALEZA,CEARA,
,803384987,CAPITOLIO,MINASGERAIS,
,151156317,COTIA,SAOPAULO,
,792989333,CAMPOGRANDE,MATOGROSSODOSUL,
,131944776,RIODEJANEIRO,RIODEJANEIRO,
,120050997,RECIFE,PERNAMBUCO,
,10386581,MEDIANEIRA,PARANA,
,127385723,MANAUS,AMAZONAS,
,75820744,SOROCABA,SAOPAULO,
,156591907,MACEIO,ALAGOAS,
,89700507,CATALAO,GOIAS,
,44253557,SAOPAULO,SAOPAULO,
,243776125,FORTALEZA,CEARA,
,276173640,GOIANIA,GOIAS,
,738288411,RIODEJANEIRO,RIODEJANEIRO,
,271350568,NOVALIMA,MINASGERAIS,
,3219061,RIODEJANEIRO,RIODEJANEIRO,
,259521893,GUAPO,GOIAS,
,288244056,ITAPEVA,SAOPAULO,
,657657467,NITEROI,RIODEJANEIRO,
,383727683,FRANCISCOPOLIS,MINASGERAIS,
,6276509,GUARULHOS,SAOPAULO,
,56074997,MONTECARMELO,MINASGERAIS,
,203246013,JOAOMONLEVADE,MINASGERAIS,
,124011072,ITAJAI,SANTACATARINA,
,245067213,AMERICANA,SAOPAULO,
,151547408,CONCEICAODOCOITE,BAHIA,
,187477707,VARZEAGRANDE,MATOGROSSO,
,219755619,PINDAMONHANGABA,SAOPAULO,
,283025448,SAOPAULO,SAOPAULO,
,235451499,SAOPAULO,SAOPAULO,
,692586605,SAOGONCALODOAMARANTE,CEARA,
,653393685,ANANINDEUA,PARA,
,6167291,BELOHORIZONTE,MINASGERAIS,
,148479296,MACEIO,ALAGOAS,
,74825549,SALVADOR,BAHIA,
,38089691,SAOPAULO,SAOPAULO,
,246049187,SAOPAULO,SAOPAULO,
,132151960,SANTANADOLIVRAMENTO,RIOGRANDEDOSUL,
,222461341,BALSAS,MARANHAO,
,197949877,SOROCABA,SAOPAULO,
,143841437,CURITIBA,PARANA,
,2803440,MACEIO,ALAGOAS,
,38792107,SAOPAULO,SAOPAULO,
,351407477,MARACANAU,CEARA,
,362444680,SALVADOR,BAHIA,
,160792376,SENADORLAROCQUE,MARANHAO,
,116020339,ITAPORANGA,PARAIBA,
,246688275,NOVOPLANALTO,GOIAS,
,137225421,JABOATAODOSGUARARAPES,PERNAMBUCO,
,244878067,CAUCAIA,CEARA,
,744247909,RIODEJANEIRO,RIODEJANEIRO,
,760643389,ARACATI,CEARA,
,655940843,TRINDADE,GOIAS,
,110518733,BRASILIA,DISTRITOFEDERAL,
,289118896,FORTALEZA,CEARA,
,751871944,NATAL,RIOGRANDEDONORTE,
,68155307,XIQUE-XIQUE,BAHIA,
,59903232,SANTOS,SAOPAULO,
,239835064,SALVADOR,BAHIA,
,681592256,BOAVISTA,RORAIMA,
,396703592,ARACI,BAHIA,
,125493608,CATU,BAHIA,
,50360141,SAOBERNARDODOCAMPO,SAOPAULO,
,172665957,ARACAJU,SERGIPE,
,89856035,GOIANIA,GOIAS,
,657294053,RIBASDORIOPARDO,MATOGROSSODOSUL,
,335563381,PACAJUS,CEARA,
,243100880,IBITINGA,SAOPAULO,
,272268837,SAOPAULO,SAOPAULO,
,112433856,CURITIBA,PARANA,
,762246547,BALNEARIOCAMBORIU,SANTACATARINA,
,283280907,OSASCO,SAOPAULO,
,49410677,MACAE,RIODEJANEIRO,
,117979363,RECIFE,PERNAMBUCO,
,22158237,CONTAGEM,MINASGERAIS,
,346143461,ANAPOLIS,GOIAS,
,664014251,SAOPAULO,SAOPAULO,
,44305675,PORTOALEGRE,RIOGRANDEDOSUL,
,65424784,MONTEALTO,SAOPAULO,
,144953539,BRASILIA,DISTRITOFEDERAL,
,138706528,RECIFE,PERNAMBUCO,
,665882565,PONTAGROSSA,PARANA,
,667061603,RIODEJANEIRO,RIODEJANEIRO,
,186656376,CARUARU,PERNAMBUCO,
,164463008,SUZANO,SAOPAULO,
,55602528,SAOPAULO,SAOPAULO,
,362421819,JEQUIE,BAHIA,
,260995963,SALVADOR,BAHIA,
,198623368,IMBARIE,RIODEJANEIRO,
,207617664,URUGUAIANA,RIOGRANDEDOSUL,
,124086192,SAOLUIS,MARANHAO,
,104903773,CONCORDIA,SANTACATARINA,
,699147355,CUIABA,MATOGROSSO,
,113138941,FORTALEZA,CEARA,
,281123533,MORENO,PERNAMBUCO,
,195588704,GOIANIA,GOIAS,
,179802328,RECIFE,PERNAMBUCO,
,259287485,ARAQUARI,SANTACATARINA,
,713338227,ULIANOPOLIS,PARA,
,101254392,APUCARANA,PARANA,
,661808813,RIODEJANEIRO,RIODEJANEIRO,
,672997856,SAOPAULO,SAOPAULO,
,182529256,BARRABONITA,SAOPAULO,
,69225632,LENCOISPAULISTA,SAOPAULO,
,264102171,BELOHORIZONTE,MINASGERAIS,
,104854013,BREJO,MARANHAO,
,359740685,INHAMBUPE,BAHIA,
,208719243,UBERLANDIA,MINASGERAIS,
,263542613,TEOLANDIA,BAHIA,
,7369021,RIODEJANEIRO,RIODEJANEIRO,
,223723232,ARACAJU,SERGIPE,
,285477515,SAOPAULO,SAOPAULO,
,730133677,BRASILIA,DISTRITOFEDERAL,
,733923469,FORTALEZA,CEARA,
,225709467,ITAPETINGA,BAHIA,
,6076059,SANTALUZIA,MINASGERAIS,
,764869931,RIODEJANEIRO,RIODEJANEIRO,
,105863152,SANTACRUZDOCAPIBARIBE,PERNAMBUCO,
,154960944,SANTOANTONIODODESCOBERTO,GOIAS,
,146863563,CURITIBA,PARANA,
,170712616,URUGUAIANA,RIOGRANDEDOSUL,
,684542960,SANTOANDRE,SAOPAULO,
,220318040,SOROCABA,SAOPAULO,
,247544080,FEIRADESANTANA,BAHIA,
,124915613,CORDEIROS,BAHIA,
,27182525,LAURODEFREITAS,BAHIA,
,73317133,SAOJOSEDOSPINHAIS,PARANA,
,187022005,QUIXADA,CEARA,
,94915941,COSMOPOLIS,SAOPAULO,
,285089960,GUARULHOS,SAOPAULO,
,689011416,EMBU-GUACU,SAOPAULO,
,259631771,APARECIDADEGOIANIA,GOIAS,
,82852939,BELOHORIZONTE,MINASGERAIS,
,86486328,SAOPAULO,SAOPAULO,
,71176400,BELEM,PARA,
,224834571,BELOHORIZONTE,MINASGERAIS,
,267706491,SALVADOR,BAHIA,
,196831816,SALVADOR,BAHIA,
,292541216,MOGIGUACU,SAOPAULO,
,240450491,SAOPAULO,SAOPAULO,
,214435605,CAMBE,PARANA,
,237801083,SOROCABA,SAOPAULO,
,369686867,CRATO,CEARA,
,42945973,CAMPINAS,SAOPAULO,
,29622363,CUIABA,MATOGROSSO,
,62715341,FEIRADESANTANA,BAHIA,
,218206181,MACAE,RIODEJANEIRO,
,64440629,SANTAHELENADEGOIAS,GOIAS,
,40535200,SAOPAULO,SAOPAULO,
,671542701,PINDAMONHANGABA,SAOPAULO,
11435403525,687332675,AQUIRAZ,CEARA,
,268614373,CRUZALTA,RIOGRANDEDOSUL,
,181030120,CAMPOGRANDE,MATOGROSSODOSUL,
,98422813,BELOHORIZONTE,MINASGERAIS,
,165809563,PORTOALEGRE,RIOGRANDEDOSUL,
,169382149,CUIABA,MATOGROSSO,
,291766064,SAOPAULO,SAOPAULO,
,624161656,GUARULHOS,SAOPAULO,
,166945840,PAULISTA,ESPIRITOSANTO,
,94141595,PASSOFUNDO,RIOGRANDEDOSUL,
,118730672,VARZEAGRANDE,MATOGROSSO,
,102477139,GUARULHOS,SAOPAULO,
,53626549,MARACAI,SAOPAULO,
,815516717,SAOPAULO,SAOPAULO,
,268796008,SAOCAITANO,PERNAMBUCO,
,172429883,DUQUEDECAXIAS,RIODEJANEIRO,
,656024323,RIOBRANCO,ACRE,
,79246648,SALVADOR,BAHIA,
,96393061,CUIABA,MATOGROSSO,
,171190501,BRASILIA,DISTRITOFEDERAL,
,94212571,SAOGABRIEL,RIOGRANDEDOSUL,
,791453,POMPEU,MINASGERAIS,
,181771624,LONDRINA,PARANA,
,663358709,SAOLEOPOLDO,RIOGRANDEDOSUL,
,132985981,RIODEJANEIRO,RIODEJANEIRO,
,34729485,TUPA,SAOPAULO,
,394523392,CAMPINAS,SAOPAULO,
,854730363,RIBEIRAOPRETO,SAOPAULO,
,208719299,SALVADOR,BAHIA,
,692086445,IGARASSU,PERNAMBUCO,
,280962480,MARILIA,SAOPAULO,
,761992483,GOIANIA,GOIAS,
,831176237,MARACANAU,CEARA,
,38184155,RIODEJANEIRO,RIODEJANEIRO,
,185844456,PORTOALEGRE,RIOGRANDEDOSUL,
,2932005,JACAREI,SAOPAULO,
,18275717,RECIFE,PERNAMBUCO,
,17894005,RIODEJANEIRO,RIODEJANEIRO,
,14888707,RIODEJANEIRO,RIODEJANEIRO,
,124879168,FORTALEZA,CEARA,
,207173557,SANTOAMARO,BAHIA,
,414486083,MOSTARDAS,RIOGRANDEDOSUL,
,223506928,PAULOAFONSO,BAHIA,
,2179797,CAMPOGRANDE,MATOGROSSODOSUL,
,41599875,GOIANIA,GOIAS,
,37926541,SAOPAULO,SAOPAULO,
,70337907,CURITIBA,PARANA,
,659160608,RIODEJANEIRO,RIODEJANEIRO,
,244671941,TAUBATE,SAOPAULO,
,384035709,OURICURI,PERNAMBUCO,
,185363491,BOAESPERANCA,MINASGERAIS,
,147794549,PETROLINA,PERNAMBUCO,
,50179445,SAOMATEUS,ESPIRITOSANTO,
,275116547,CAMPOFORMOSO,BAHIA,
,287965136,JUNDIAI,SAOPAULO,
,79708085,SAOSEBASTIAO,SAOPAULO,
,252725939,SOROCABA,SAOPAULO,
,4021856,PORTOALEGRE,RIOGRANDEDOSUL,
,672681901,ARARAQUARA,SAOPAULO,
,354221965,POA,SAOPAULO,
,115503083,JACINTOMACHADO,SANTACATARINA,
,672434413,SUZANO,SAOPAULO,
,81081136,BROTAS,SAOPAULO,
,690463061,SAOPAULO,SAOPAULO,
,760095400,IMPERATRIZ,MARANHAO,
,253928267,COLORADODOOESTE,RONDONIA,
,102816016,PIABETA,RIODEJANEIRO,
,211314235,SAOPAULO,SAOPAULO,
,338626203,PERDIZES,MINASGERAIS,
,145504141,CAMPOGRANDE,MATOGROSSODOSUL,
,95688075,ITABAIANA,SERGIPE,
,57751653,JAU,SAOPAULO,
,92354128,SAOJOSEDORIOPRETO,SAOPAULO,
,22200597,JUQUITIBA,SAOPAULO,
,195885941,SAOLUIS,MARANHAO,
,676296376,SAOPAULO,SAOPAULO,
,1518344,SAOPAULO,SAOPAULO,
,142450229,RIODEJANEIRO,RIODEJANEIRO,
,281852848,JABOATAODOSGUARARAPES,PERNAMBUCO,
,265725488,SAOPAULO,SAOPAULO,
,150976709,LONDRINA,PARANA,
,241795832,SAOJOSEDORIOPRETO,SAOPAULO,
,148503979,BARRAS,PIAUI,
,253038360,GUARATINGUETA,SAOPAULO,
,350983093,EUSEBIO,CEARA,
,204475549,NILOPOLIS,RIODEJANEIRO,
,158717784,BELFORDROXO,RIODEJANEIRO,
,230438899,ALTOS,PIAUI,
,213455971,GALIA,SAOPAULO,
,229580907,AGUAFRIA,BAHIA,
,229483760,FORTALEZA,CEARA,
,217926965,SAOJOSEDERIBAMAR,MARANHAO,
,408974168,NATAL,RIOGRANDEDONORTE,
,31517176,SAOCARLOS,SAOPAULO,
,417414187,CAMACARI,BAHIA,
,246054869,ABREUELIMA,PERNAMBUCO,
,368055232,JACOBINA,BAHIA,
,254370261,SALVADOR,BAHIA,
,132435104,BELOHORIZONTE,MINASGERAIS,
,51042536,RESENDE,RIODEJANEIRO,
,36104853,SAOPAULO,SAOPAULO,
,254089101,SANTOS,SAOPAULO,
,95794981,CANAADOSCARAJAS,PARA,
,106444293,MANAUS,AMAZONAS,
,108110960,CHADEALEGRIA,PERNAMBUCO,
,113975229,SERRA,ESPIRITOSANTO,
,115853603,CHORO,CEARA,
,227516507,JOAOPESSOA,PARAIBA,
,355436285,PAULOAFONSO,BAHIA,
,7076512,SAOPAULO,SAOPAULO,
,14331573,SAOPAULO,SAOPAULO,
,98354245,CUIABA,MATOGROSSO,
,279443760,MARACANAU,CEARA,
,792630293,MANAUS,AMAZONAS,
,659672552,VIDEIRA,SANTACATARINA,
,652049568,ARACAJU,SERGIPE,
,279939808,PARAUAPEBAS,PARA,
,399636312,ALFREDOCHAVES,ESPIRITOSANTO,
,224169176,PAULISTA,PERNAMBUCO,
,26678123,ITAPEVI,SAOPAULO,
,181468725,CARATINGA,MINASGERAIS,
,158296483,BARRADOGARCAS,MATOGROSSO,
,57450059,SAOPAULO,SAOPAULO,
,236663939,BLUMENAU,SANTACATARINA,
,740337899,UMBAUBA,SERGIPE,
,648343096,AGUASLINDASDEGOIAS,GOIAS,
,66655152,CASTANHAL,PARA,
,18663760,CURITIBA,PARANA,
,125907485,REDENCAO,PARA,
,66975043,MACEIO,ALAGOAS,
,142112643,ALTONIA,PARANA,
,352548008,SALVADOR,BAHIA,
,22518952,PIRACICABA,SAOPAULO,
,335552915,SALVADOR,BAHIA,
,35823800,TAIUVA,SAOPAULO,
,55004547,SAOPAULO,SAOPAULO,
,40113307,OSASCO,SAOPAULO,
,85805408,JAU,SAOPAULO,
,137803088,LAGONORTE,DISTRITOFEDERAL,
,252469467,SANTOANDRE,SAOPAULO,
,75017253,OSASCO,SAOPAULO,
,385554176,SANTAVITORIA,MINASGERAIS,
,259643269,RIOVERDE,GOIAS,
,832384341,PETROPOLIS,RIODEJANEIRO,
,64978589,LAGOSUL,DISTRITOFEDERAL,
,204412205,FORTALEZA,CEARA,
,341761989,FORTALEZA,CEARA,
,17417661,PITANGUI,MINASGERAIS,
,52979184,SAOPAULO,SAOPAULO,
,151582029,COLINASDOTOCANTINS,TOCANTINS,
,33251475,RIBEIRAOPRETO,SAOPAULO,
,133134885,RECIFE,PERNAMBUCO,
,663702973,PARANATINGA,MATOGROSSO,
,271914952,MANAUS,AMAZONAS,
,127070307,LAURODEFREITAS,BAHIA,
,45883149,RIODEJANEIRO,RIODEJANEIRO,
,37122568,SAOPAULO,SAOPAULO,
,79890403,SAOPAULO,SAOPAULO,
,135226624,PATOSDEMINAS,MINASGERAIS,
,134228437,BELEM,ALAGOAS,
,242713632,SAOJOSEDOSCAMPOS,SAOPAULO,
,188032515,GOIANIA,GOIAS,
,133320843,MANAUS,AMAZONAS,
,208451389,MEDEIROSNETO,BAHIA,
,63228515,FORTALEZA,CEARA,
,279860720,ALEXANIA,GOIAS,
,152429651,SALVADOR,BAHIA,
,7585680,ARMACAODOSBUZIOS,RIODEJANEIRO,
,831146005,BELEM,PARA,
,663127837,LAGONORTE,DISTRITOFEDERAL,
,68826989,SATIRODIAS,BAHIA,
,186000205,ASSARE,CEARA,
,745280016,JUINA,MATOGROSSO,
,167169299,IMBE,RIOGRANDEDOSUL,
,61295792,GOIANIA,GOIAS,
,25207043,PRINCESAISABEL,PARAIBA,
,267725853,IBIRITE,MINASGERAIS,
,116277808,ARACAJU,SERGIPE,
,338367923,GUAXUPE,MINASGERAIS,
,46872165,MANAUS,AMAZONAS,
,249037912,SAUBARA,BAHIA,
,287668749,CURITIBA,PARANA,
,273477029,JI-PARANA,RONDONIA,
,54877875,OLINDA,PERNAMBUCO,
,198926224,SAODOMINGOSDOPRATA,MINASGERAIS,
,195762581,ITAPEVA,SAOPAULO,
,796308472,BARREIRAS,BAHIA,
,691040019,JOSEBONIFACIO,SAOPAULO,
,67440064,VARZEAGRANDE,MATOGROSSO,
,274030165,CAMBORIU,SANTACATARINA,
,186453984,RIODEJANEIRO,RIODEJANEIRO,
,414451109,BAURU,SAOPAULO,
,349098893,SALVADOR,BAHIA,
,813547768,LAURODEFREITAS,BAHIA,
,226782680,MARILIA,SAOPAULO,
,131705224,IPIAU,BAHIA,
,170729728,CUIABA,MATOGROSSO,
,353937291,BOAVISTA,RORAIMA,
,660150549,PORTOALEGRE,RIOGRANDEDOSUL,
,676776955,JAU,SAOPAULO,
,764162365,SALVADOR,BAHIA,
,206037621,CABODESANTOAGOSTINHO,PERNAMBUCO,
,685168619,IGARAPE-MIRI,PARA,
,690383533,PARAGUACUPAULISTA,SAOPAULO,
,36620419,BELOHORIZONTE,MINASGERAIS,
,84158653,RIBEIRAOPRETO,SAOPAULO,
,201714701,SALVADOR,BAHIA,
,857225525,MACEIO,ALAGOAS,
,719107979,RIODEJANEIRO,RIODEJANEIRO,
,94354955,BELOHORIZONTE,MINASGERAIS,
,43911128,SAOPAULO,SAOPAULO,
,355047901,BACABAL,MARANHAO,
,164442296,SALVADOR,BAHIA,
,117623067,BIRITINGA,BAHIA,
,92776760,COLOMBO,PARANA,
,198396840,PAULISTA,PERNAMBUCO,
,259354491,PORTOVELHO,RONDONIA,
,190441493,DOMVICOSO,MINASGERAIS,
,240405096,SANTOANTONIODOMONTE,MINASGERAIS,
,788411720,MANAUS,AMAZONAS,
,378074037,SERRANOPOLISDOIGUACU,PARANA,
,80489909,MAUA,SAOPAULO,
,92098976,LIMEIRA,SAOPAULO,
,736059544,PARAUAPEBAS,PARA,
,344238184,NAZAREZINHO,PARAIBA,
,111804168,PIRACURUCA,PIAUI,
,195364272,RIODEJANEIRO,RIODEJANEIRO,
,203979568,LAGOASANTA,GOIAS,
,42890472,FORTALEZA,CEARA,
,674466213,SAOJOSEDOSCAMPOS,SAOPAULO,
,343324176,MANAUS,AMAZONAS,
,652807547,ANAPOLIS,GOIAS,
,847874237,BELEM,PARA,
,394041280,BELAVISTA,MATOGROSSODOSUL,
,761627488,BRASILIA,DISTRITOFEDERAL,
,118531667,LAGONORTE,DISTRITOFEDERAL,
,78403819,GURUPI,TOCANTINS,
,713061344,JUARA,MATOGROSSO,
,154950467,SAOPAULO,SAOPAULO,
,345871536,MIRASSOL,SAOPAULO,
,748206075,PRAIAGRANDE,SAOPAULO,
,164000275,SETELAGOAS,MINASGERAIS,
,193581683,CUITE,PARAIBA,
,125888667,COLONIADOGURGUEIA,PIAUI,
,140823347,RIOVERDE,GOIAS,
,295560645,SIMOESFILHO,BAHIA,
,213336267,LAURODEFREITAS,BAHIA,
,286526376,MANAUS,AMAZONAS,
,181102787,RECIFE,PERNAMBUCO,
,26106152,SANTAREM,PARA,
,137170392,RECIFE,PERNAMBUCO,
,389042448,UBERLANDIA,MINASGERAIS,
,217283565,FEIRADESANTANA,BAHIA,
,212099669,LIMOEIRODONORTE,CEARA,
,169356237,FLORIANOPOLIS,SANTACATARINA,
,1444403,RIBEIRAODASNEVES,MINASGERAIS,
,189864957,VESPASIANO,MINASGERAIS,
,18245565,VESPASIANO,MINASGERAIS,
,253932507,FORTALEZA,CEARA,
,91579221,BRASILIA,DISTRITOFEDERAL,
,375452669,CAJUEIRO,ALAGOAS,
,140669568,CUIABA,MATOGROSSO,
,235615712,BELOHORIZONTE,MINASGERAIS,
,129679368,CARDEALDASILVA,BAHIA,
,118200805,SANTIAGO,RIOGRANDEDOSUL,
,124012568,ANANINDEUA,PARA,
,814838789,IMPERATRIZ,MARANHAO,
,54156440,BARRAMANSA,RIODEJANEIRO,
,92100243,SAOPAULO,SAOPAULO,
,70284109,JUAZEIRODONORTE,CEARA,
,385623304,JULIOMESQUITA,SAOPAULO,
,346935003,ITAMBE,PERNAMBUCO,
,155890285,SAOPAULO,SAOPAULO,
,248410861,CONTAGEM,MINASGERAIS,
,18911877,SAOPAULO,SAOPAULO,
,363907075,ITAMARI,BAHIA,
,254477301,FORTALEZA,CEARA,
,130948635,SANTOANDRE,SAOPAULO,
,51176317,DELMIROGOUVEIA,ALAGOAS,
,738031093,SAOPAULO,SAOPAULO,
,121679821,TRINDADE,GOIAS,
,52814552,SAOJOAQUIMDABARRA,SAOPAULO,
,185591528,BRASILIA,DISTRITOFEDERAL,
,257811736,ITAPECERICADASERRA,SAOPAULO,
,353034288,MACEIO,ALAGOAS,
,117008341,GRAVATA,PERNAMBUCO,
,193840843,VARZEAGRANDE,MATOGROSSO,
,176104419,PORTOALEGRE,RIOGRANDEDOSUL,
,149125339,RIODEJANEIRO,RIODEJANEIRO,
,138797453,GUARARAPES,SAOPAULO,
,120092341,MACAPA,AMAPA,
,42814397,SALVADOR,BAHIA,
,414606787,MANAUS,AMAZONAS,
,159967461,FORTALEZA,CEARA,
,149642083,RIODOPRADO,MINASGERAIS,
,242339027,RIOBRANCO,ACRE,
,12226680,ARARAQUARA,SAOPAULO,
,242001477,MAIRINQUE,SAOPAULO,
,71474344,SAOPAULO,SAOPAULO,
,62042984,MARABA,PARA,
,353803739,SAOGONCALODOAMARANTE,RIOGRANDEDONORTE,
,872792840,TUBARAO,SANTACATARINA,
,225241877,BALSAS,MARANHAO,
,166312275,VARZEAGRANDE,MATOGROSSO,
,275149968,SAOPAULO,SAOPAULO,
,361288472,LAURODEFREITAS,BAHIA,
,60427704,GOIANIA,GOIAS,
,182611547,CURITIBA,PARANA,
,87515997,MANAUS,AMAZONAS,
,132360523,BELEM,PARA,
,251041861,BARRADOMENDES,BAHIA,
,164615709,GUARAPUAVA,PARANA,
,361001555,MANAUS,AMAZONAS,
,335350144,ANAPOLIS,GOIAS,
,232888333,SAOPAULO,SAOPAULO,
,287161216,SALVADOR,BAHIA,
,198204301,APIAI,SAOPAULO,
,116166072,CARAMBEI,PARANA,
,113855693,LINHARES,ESPIRITOSANTO,
,245200915,DIADEMA,SAOPAULO,
,369423645,ITAICABA,CEARA,
,14437523,SAOPAULO,SAOPAULO,
,105980061,TRAIPU,ALAGOAS,
,335636693,RECIFE,PERNAMBUCO,
,280267176,SALVADOR,BAHIA,
,108064117,PARANAGUA,PARANA,
,98926453,CASCAVEL,PARANA,
,211014128,SALVADOR,BAHIA,
,752125099,PARNAMIRIM,RIOGRANDEDONORTE,
,234099992,BRASILIA,DISTRITOFEDERAL,
,220397653,FORTALEZA,CEARA,
,192681984,IBIRITE,MINASGERAIS,
,175871259,ITABAIANA,SERGIPE,
,81747803,ARARAS,SAOPAULO,
,67473677,JATAI,GOIAS,
,655476779,CASTANHAL,PARA,
,89941251,JOSEDEFREITAS,PIAUI,
,129694219,BELOHORIZONTE,MINASGERAIS,
,29396389,RECIFE,PERNAMBUCO,
,150074312,RIODEJANEIRO,RIODEJANEIRO,
,66586069,JI-PARANA,RONDONIA,
,249201024,AVARE,SAOPAULO,
,45087493,OLINDA,PERNAMBUCO,
,372884328,ANANINDEUA,PARA,
,99775763,UBERABA,MINASGERAIS,
,793927347,TERESINA,PIAUI,
,79530736,BELEM,PARA,
,21925069,CARIACICA,ESPIRITOSANTO,
,397459507,PORTONACIONAL,TOCANTINS,
,380662427,NITEROI,RIODEJANEIRO,
,379328501,OURICURI,PERNAMBUCO,
,361832949,JOAOLISBOA,MARANHAO,
,288018080,CIDADENAOENCONTRADA,ESTADONAOENCONTRADO,
,382953299,GOIANIA,GOIAS,
,161298392,COROATA,MARANHAO,
,217427845,PARNAMIRIM,RIOGRANDEDONORTE,
,409685928,BALNEARIOARROIODOSILVA,SANTACATARINA,
,372723141,RECIFE,PERNAMBUCO,
,376186771,ITUPIRANGA,PARA,
,73184339,FRANCA,SAOPAULO,
,240474029,DIVISOPOLIS,MINASGERAIS,
,184143157,SALVADOR,BAHIA,
6090237051,123419344,GUARULHOS,SAOPAULO,
,80589003,ITAJAI,SANTACATARINA,
,201076533,PARNAMIRIM,RIOGRANDEDONORTE,
,117171685,MACAPA,AMAPA,
,55286728,RAFARD,SAOPAULO,
,111367277,GUARAPARI,ESPIRITOSANTO,
,731893656,BELFORDROXO,RIODEJANEIRO,
,42757587,FRUTAL,MINASGERAIS,
,209081787,GUARULHOS,SAOPAULO,
,63520381,SAOGONCALODOAMARANTE,RIOGRANDEDONORTE,
,734995453,FORMOSADORIOPRETO,BAHIA,
,831175648,BRASILIA,DISTRITOFEDERAL,
,238031157,SAOJOAODELREI,MINASGERAIS,
,114540544,NATAL,RIOGRANDEDONORTE,
,151682736,RECIFE,PERNAMBUCO,
,136818157,FORTALEZA,CEARA,
,349453717,PATOS,PARAIBA,
,288481997,NOVASERRANA,MINASGERAIS,
,361068160,MANAUS,AMAZONAS,
,34928584,SAOPAULO,SAOPAULO,
,748011501,JOAOPESSOA,PARAIBA,
,112159011,RIODEJANEIRO,RIODEJANEIRO,
,176142411,SAOBERNARDODOCAMPO,SAOPAULO,
,2557688,DUQUEDECAXIAS,RIODEJANEIRO,
,361662997,MACAPA,AMAPA,
,114286960,CASCAVEL,CEARA,
,209547061,JOAOPESSOA,PARAIBA,
,150238523,LAGONORTE,DISTRITOFEDERAL,
,38065736,POCOSDECALDAS,MINASGERAIS,
,335945357,BELEM,PARA,
,256141240,SANTABARBARAD'OESTE,SAOPAULO,
,118722701,BELOHORIZONTE,MINASGERAIS,
,146836819,BALNEARIOCAMBORIU,SANTACATARINA,
,40514443,UBATUBA,SAOPAULO,
,869514888,MARACANAU,CEARA,
,268120752,FORTALEZA,CEARA,
,186186528,RIODEJANEIRO,RIODEJANEIRO,
,76678123,PONTAGROSSA,PARANA,
,22214539,NOVALIMA,MINASGERAIS,
,57816093,RIODEJANEIRO,RIODEJANEIRO,
,20780403,MARINGA,PARANA,
,168065883,CONQUISTA,MINASGERAIS,
,24332067,RIOCLARO,SAOPAULO,
,13268405,BARAUNA,RIOGRANDEDONORTE,
,674978723,COTIA,SAOPAULO,
,337094064,GOIANIA,GOIAS,
,85031507,ITIUBA,BAHIA,
,187995024,JUIZDEFORA,MINASGERAIS,
,790680101,CANELA,RIOGRANDEDOSUL,
,207845291,RIODEJANEIRO,RIODEJANEIRO,
,125688077,REDENCAO,PARA,
,247790176,CARAPICUIBA,SAOPAULO,
,127562501,TOLEDO,PARANA,
,48135915,SAOPAULO,SAOPAULO,
,32854765,RIBEIRAOPRETO,SAOPAULO,
,221438731,SAOLUIS,MARANHAO,
,363781064,SIMOESFILHO,BAHIA,
,147222253,BELOHORIZONTE,MINASGERAIS,
,171263045,FORTALEZA,CEARA,
,58312304,ANANINDEUA,PARA,
,281951744,IGARASSU,PERNAMBUCO,
,60962376,BELEM,PARA,
,196098672,DOURADOS,MATOGROSSODOSUL,
,359918112,MATUPA,MATOGROSSO,
,173490035,CASTANHAL,PARA,
,146423461,ITABIRA,MINASGERAIS,
,203686851,JERONIMOMONTEIRO,ESPIRITOSANTO,
,286210696,LAGONORTE,DISTRITOFEDERAL,
,276370560,DIASD'AVILA,BAHIA,
,56507829,SAOPAULO,SAOPAULO,
,295652336,ITAPEVI,SAOPAULO,
,26910792,SANTANADAPONTEPENSA,SAOPAULO,
,372611461,OROBO,PERNAMBUCO,
,204436099,ITABAIANA,SERGIPE,
,173974267,LAGONORTE,DISTRITOFEDERAL,
,280978013,SAOPAULO,SAOPAULO,
,185037725,AQUIRAZ,CEARA,
,761415000,PEDREIRAS,MARANHAO,
,380690133,JABOATAODOSGUARARAPES,PERNAMBUCO,
,60083395,LIMEIRA,SAOPAULO,
,288926283,APODI,RIOGRANDEDONORTE,
,70855461,PAULINIA,SAOPAULO,
,69617816,BOAVISTA,RORAIMA,
,9327587,LONDRINA,PARANA,
,290112232,SALVADOR,BAHIA,
,255424731,JUNDIAI,SAOPAULO,
,373360365,CASTANHAL,PARA,
,344005573,BRASILIA,DISTRITOFEDERAL,
,152235672,FORMIGA,MINASGERAIS,
,36053829,SAOBERNARDODOCAMPO,SAOPAULO,
,255264005,SANTOANDRE,SAOPAULO,
,340920517,ARAGUATINS,TOCANTINS,
,178972333,JARINU,SAOPAULO,
,750324264,MACEIO,ALAGOAS,
,37714480,BAMBUI,MINASGERAIS,
,164433456,ITORORO,BAHIA,
,397159851,JAGUAQUARA,BAHIA,
,168861917,OSASCO,SAOPAULO,
,762895605,GOIANIA,GOIAS,
,147153709,SALVADOR,BAHIA,
,100918515,FERROS,MINASGERAIS,
,105376563,BANANEIRAS,PARAIBA,
,795319456,JUAZEIRO,BAHIA,
,122145547,MULUNGUDOMORRO,BAHIA,
,45025827,SAOBERNARDODOCAMPO,SAOPAULO,
,68604451,BRASILIA,DISTRITOFEDERAL,
,245427515,SAOPAULO,SAOPAULO,
,12613413,SERTANIA,PERNAMBUCO,
,341294941,CASCAVEL,PARANA,
,183942805,SALVADOR,BAHIA,
,793285485,TERESINA,PIAUI,
,33141040,IGARAPE,MINASGERAIS,
,266311299,CAMPOVERDE,MATOGROSSO,
,183189013,NAVIRAI,MATOGROSSODOSUL,
,19192227,CRICIUMA,SANTACATARINA,
,362748608,PAULOAFONSO,BAHIA,
,100810811,MACAPA,AMAPA,
,655753181,ALTERDOCHAO,PARA,
,84643843,PAULINIA,SAOPAULO,
,70276421,ARRAIAS,TOCANTINS,
,99050533,FORTALEZA,CEARA,
,155594525,BRASILIA,DISTRITOFEDERAL,
,40158197,SAOPAULO,SAOPAULO,
,268201344,PASSOS,MINASGERAIS,
,86635371,CAMPINAS,SAOPAULO,
,167382584,VITORIADACONQUISTA,BAHIA,
,172386035,MARABA,PARA,
,428671104,CURITIBA,PARANA,
,111860811,TERESINA,PIAUI,
,72125021,ALAGOINHAS,BAHIA,
,117742627,CONSELHEIROLAFAIETE,MINASGERAIS,
,79658125,OSASCO,SAOPAULO,
,260596024,CONTAGEM,MINASGERAIS,
,204118736,MONTANHAS,RIOGRANDEDONORTE,
,261437624,SAOJOSEDORIOPRETO,SAOPAULO,
,648378973,IBOTIRAMA,BAHIA,
,179685507,JAGUAQUARA,BAHIA,
,118693173,BRASILIA,DISTRITOFEDERAL,
,43821611,BARBACENA,MINASGERAIS,
,245627149,JUNDIAI,SAOPAULO,
,683317397,SUZANO,SAOPAULO,
,148674347,BRASILIA,DISTRITOFEDERAL,
,58522915,VILHENA,RONDONIA,
,106360056,MANAUS,AMAZONAS,
,152027048,ARACAJU,SERGIPE,
,148045573,SALVADOR,BAHIA,
,80357493,PELOTAS,RIOGRANDEDOSUL,
,29269192,IRAIDEMINAS,MINASGERAIS,
,151183384,BRASILIA,DISTRITOFEDERAL,
,58361387,SENADORGEORGINOAVELINO,RIOGRANDEDONORTE,
,102660408,SANTOS,SAOPAULO,
,230890699,SAOBERNARDODOCAMPO,SAOPAULO,
,381521104,OSASCO,SAOPAULO,
,178134293,SANTALUZIADECARATINGA,MINASGERAIS,
,866402717,CABOFRIO,RIODEJANEIRO,
,228519923,TERESINA,PIAUI,
,38392856,RIODEJANEIRO,RIODEJANEIRO,
,64208277,SANTAJULIANA,MINASGERAIS,
,244995149,NATAL,RIOGRANDEDONORTE,
,278468923,FORTALEZA,CEARA,
,79051109,SETELAGOAS,MINASGERAIS,
,282178024,SAOJOAQUIMDABARRA,SAOPAULO,
,8696661,RIODEJANEIRO,RIODEJANEIRO,
,27732667,SALVADOR,BAHIA,
,9318416,SENGES,PARANA,
,380445099,EMBUDASARTES,SAOPAULO,
,183447432,SAOJOSEDORIOPRETO,SAOPAULO,
,427424920,RIOVERDE,GOIAS,
,767401219,RIODEJANEIRO,RIODEJANEIRO,
,156086533,FORMOSA,GOIAS,
,252471147,MANAUS,AMAZONAS,
,244124379,ITABORAI,RIODEJANEIRO,
,373109195,BELEM,PARA,
,369461395,CAPISTRANO,CEARA,
,117687557,SAPUCAIADOSUL,RIOGRANDEDOSUL,
,344597592,SANTACRUZCABRALIA,BAHIA,
,271099619,RIODEJANEIRO,RIODEJANEIRO,
,42434219,FORTALEZA,CEARA,
,239824995,FEIRADESANTANA,BAHIA,
,686376221,DELFINOPOLIS,MINASGERAIS,
,107045381,SAOPAULO,SAOPAULO,
,200011696,ITUIUTABA,MINASGERAIS,
,114867179,PACATUBA,CEARA,
,261908683,SANTAROSADEVITERBO,SAOPAULO,
,64836096,TRACUATEUA,PARA,
,363492581,FEIRADESANTANA,BAHIA,
,49369139,MANAUS,AMAZONAS,
,277887149,CAMPINAS,SAOPAULO,
,735995587,BOTUCATU,SAOPAULO,
,250204368,ARACAJU,SERGIPE,
,351373141,GOIANIA,GOIAS,
,661946600,PRIMAVERADOLESTE,MATOGROSSO,
,247678973,IBITITA,BAHIA,
,261004208,BETIM,MINASGERAIS,
,87013296,SALVADOR,BAHIA,
,164786293,BLUMENAU,SANTACATARINA,
,345253261,TEOFILOOTONI,MINASGERAIS,
,67660549,CONTAGEM,MINASGERAIS,
,361304923,JABOATAODOSGUARARAPES,PERNAMBUCO,
,262918781,BELOHORIZONTE,MINASGERAIS,
,63232493,ITAGUAI,RIODEJANEIRO,
,88787941,CANDIDOMOTA,SAOPAULO,
,663437283,ARARAQUARA,SAOPAULO,
,687333533,BENTOGONCALVES,RIOGRANDEDOSUL,
,670935053,MAUA,SAOPAULO,
,212522397,PINHEIRO,MARANHAO,
,120906085,MANAUS,AMAZONAS,
,5397613,CURITIBA,PARANA,
,32880797,ORLANDIA,SAOPAULO,
,33327520,IRAQUARA,BAHIA,
,91162272,LAJEDAO,BAHIA,
,105125075,RIODEJANEIRO,RIODEJANEIRO,
,157072608,SANTAREM,PARA,
,22294083,PETROLINA,PERNAMBUCO,
,268924168,SOBRADINHO,BAHIA,
,173736381,BUJARU,PARA,
,91910211,PAULISTA,PERNAMBUCO,
,101686155,JACI,SAOPAULO,
,216585627,SAOMATEUS,ESPIRITOSANTO,
,857840211,BELOHORIZONTE,MINASGERAIS,
,347853232,BREUBRANCO,PARA,
,10034691,CAMPINAS,SAOPAULO,
,154439915,VIANA,ESPIRITOSANTO,
,138235968,FORTALEZA,CEARA,
,178754251,VIAMAO,RIOGRANDEDOSUL,
,342979603,MONTIVIDIU,GOIAS,
,111667397,FORTALEZA,CEARA,
,265161053,TERESINA,PIAUI,
,369230827,FORTALEZA,CEARA,
,295131685,FEIRADESANTANA,BAHIA,
,186169499,SAPUCAIADOSUL,RIOGRANDEDOSUL,
,284106187,MARILIA,SAOPAULO,
,2940211,BRUSQUE,SANTACATARINA,
,172221776,DIONISIOCERQUEIRA,SANTACATARINA,
,87922077,PEREIRABARRETO,SAOPAULO,
,245021989,PORTOFERREIRA,SAOPAULO,
,196508613,NOVAMUTUM,MATOGROSSO,
,182560829,SAOJOSEDOSCAMPOS,SAOPAULO,
,277857408,SAOPAULO,SAOPAULO,
,98991083,TRINDADE,GOIAS,
,222387392,JUAZEIRO,BAHIA,
,115433309,PORTOALEGRE,RIOGRANDEDOSUL,
,82986893,VIGIA,PARA,
,227945160,CANDEIAS,BAHIA,
,5439312,RIODEJANEIRO,RIODEJANEIRO,
,74349248,CUIABA,MATOGROSSO,
,248741461,AMERICANA,SAOPAULO,
,33236341,PINDORAMADOTOCANTINS,TOCANTINS,
,115168763,SAOPAULO,SAOPAULO,
,677872803,SAOVICENTE,SAOPAULO,
,131074776,RESENDE,RIODEJANEIRO,
,54977107,SAOPAULO,SAOPAULO,
,115168357,BRASILIA,DISTRITOFEDERAL,
,347580285,SALVADOR,BAHIA,
,66330285,CIDADEOCIDENTAL,GOIAS,
,212522173,ANANINDEUA,PARA,
,143265715,MORADANOVA,PARA,
,134749264,JUNDIAI,SAOPAULO,
,376219829,SANTACRUZDOSUL,RIOGRANDEDOSUL,
,189405933,AVARE,SAOPAULO,
,210279699,BAGE,RIOGRANDEDOSUL,
,255099560,CURITIBA,PARANA,
,88247731,SAOPAULO,SAOPAULO,
,165419971,BELEM,PARA,
,206630920,VITORIADACONQUISTA,BAHIA,
,763709368,JAU,SAOPAULO,
,102687424,SAOBERNARDODOCAMPO,SAOPAULO,
,336641832,ANAPOLIS,GOIAS,
,173506136,BARRADOGARCAS,MATOGROSSO,
,257322045,CAPAODACANOA,RIOGRANDEDOSUL,
,792510571,FIRMINOPOLIS,GOIAS,
,78384320,NOVAIGUACU,RIODEJANEIRO,
,349159043,ANAPOLIS,GOIAS,
,192681333,CONTAGEM,MINASGERAIS,
,33780605,SAOPAULO,SAOPAULO,
,220813203,BELOHORIZONTE,MINASGERAIS,
,100257683,CONTAGEM,MINASGERAIS,
,77680504,CURITIBA,PARANA,
,66340909,GUARULHOS,SAOPAULO,
,9470392,NOVAIGUACU,RIODEJANEIRO,
,249065080,FRANCODAROCHA,SAOPAULO,
,48088619,SAOPAULO,SAOPAULO,
,100826699,SALVADOR,BAHIA,
,47275424,SAOPAULO,SAOPAULO,
,214079245,SAOPAULO,SAOPAULO,
,5046096,SANTIAGO,RIOGRANDEDOSUL,
,428638179,JABOATAODOSGUARARAPES,PERNAMBUCO,
,108119013,RIBASDORIOPARDO,MATOGROSSODOSUL,
,249719949,OSASCO,SAOPAULO,
,263973485,MARACANAU,CEARA,
,60770475,SAOPAULO,SAOPAULO,
,682551069,CAMPINAS,SAOPAULO,
,145034544,VALPARAISODEGOIAS,GOIAS,
,257553048,SAOPAULO,SAOPAULO,
,16649912,CAMPOALEGRE,ALAGOAS,
,745229592,MANAUS,AMAZONAS,
,104427672,SAOLUIS,MARANHAO,
,192858267,RIOVERDE,GOIAS,
,86751640,SANTAMARIA,RIOGRANDEDOSUL,
,110817576,RIBEIRADOPOMBAL,BAHIA,
,56340037,ANDRADINA,SAOPAULO,
,56649880,FEIRADESANTANA,BAHIA,
,196380424,CUIABA,MATOGROSSO,
,132107099,BELEM,PARA,
,352963491,IGARAPE-MIRI,PARA,
,19725171,CURITIBA,PARANA,
,146373632,JACAREZINHO,PARANA,
,801415048,DUQUEDECAXIAS,RIODEJANEIRO,
,133545048,GUAIRA,PARANA,
,97015909,COELHONETO,MARANHAO,
,283073203,CUBATAO,SAOPAULO,
,11550301,LORENA,SAOPAULO,
,362406357,JEQUIE,BAHIA,
,369127336,SAOPAULO,SAOPAULO,
,14044493,CURITIBA,PARANA,
,282739936,MAGE,RIODEJANEIRO,
,181366741,BACABAL,MARANHAO,
,200247139,GOIANIA,GOIAS,
,215882739,MANAUS,AMAZONAS,
,243998645,BRASILIA,DISTRITOFEDERAL,
,113406677,JABOATAODOSGUARARAPES,PERNAMBUCO,
,137647512,AFONSOCUNHA,MARANHAO,
,658476928,ANDRADAS,MINASGERAIS,
,116924685,PORTOVELHO,RONDONIA,
,214996008,BELEM,PARA,
,41944760,SAOJOSEDOSPINHAIS,PARANA,
,28258901,PONTAPORA,MATOGROSSODOSUL,
,35309987,JOAOPESSOA,PARAIBA,
,203491187,SENTOSE,BAHIA,
,236766459,CAMPINAS,SAOPAULO,
,262621843,ANANINDEUA,PARA,
,378298144,SANTAREM,PARA,
,381482197,ARARAS,SAOPAULO,
,252922688,SAOPAULO,SAOPAULO,
,217145133,MACAPA,AMAPA,
,94489117,BRASILIA,DISTRITOFEDERAL,
,59597936,SAOCARLOS,SAOPAULO,
,13581704,RIODEJANEIRO,RIODEJANEIRO,
,72927621,SAOPAULO,SAOPAULO,
,76997629,MANAUS,AMAZONAS,
,128381800,CUIABA,MATOGROSSO,
,173153723,MANAUS,AMAZONAS,
,37265053,ARACAJU,SERGIPE,
,123479485,FORTALEZA,CEARA,
,400392843,PORANGATU,GOIAS,
,228198144,NOVAODESSA,SAOPAULO,
,243491107,ITU,SAOPAULO,
,23916949,UBERLANDIA,MINASGERAIS,
,131718613,BARREIRAS,BAHIA,
,252566992,JAGUARIUNA,SAOPAULO,
,259760923,ALVARESMACHADO,SAOPAULO,
,42927707,MOGIMIRIM,SAOPAULO,
,733122627,AFOGADOSDAINGAZEIRA,PERNAMBUCO,
,215186216,OLINDA,PERNAMBUCO,
,166525389,MAUA,SAOPAULO,
,108898019,CUIABA,MATOGROSSO,
,255688563,PRAIAGRANDE,SAOPAULO,
,213193341,TERESINA,PIAUI,
,179397869,SALTO,SAOPAULO,
,69874315,TAUBATE,SAOPAULO,
,676299208,JAU,SAOPAULO,
,222233219,GRANJEIRO,CEARA,
,282923635,SAOBERNARDODOCAMPO,SAOPAULO,
,414829307,RIBEIRAODASNEVES,MINASGERAIS,
,73701397,PAICANDU,PARANA,
,147884147,RIODEJANEIRO,RIODEJANEIRO,
,70700840,SUZANO,SAOPAULO,
,186335533,SAOPAULO,SAOPAULO,
,3135680,RIODEJANEIRO,RIODEJANEIRO,
,30152949,ITABERABA,BAHIA,
,286505789,PEDRABRANCADOAMAPARI,AMAPA,
,199488304,ITIQUIRA,MATOGROSSO,
,212808571,SAOJOSEDERIBAMAR,MARANHAO,
,230561435,SALVADOR,BAHIA,
,253353939,SUCUPIRA,TOCANTINS,
,289931264,FORTALEZA,CEARA,
,254931888,SAOPAULO,SAOPAULO,
,16763200,RIOBRANCO,ACRE,
,66399909,CATOLEDOROCHA,PARAIBA,
,672560899,GUARULHOS,SAOPAULO,
,168261773,BELOHORIZONTE,MINASGERAIS,
,97310581,SALVADOR,BAHIA,
,387088909,MACAE,RIODEJANEIRO,
,8745160,SANTATEREZINHADEITAIPU,PARANA,
,688593987,TAGUAI,SAOPAULO,
,98502280,ARACATUBA,SAOPAULO,
,228718939,NOVAMUTUM,MATOGROSSO,
,80442216,SAOPAULO,SAOPAULO,
,203832051,SALVADOR,BAHIA,
53829829299,73248792,CURITIBA,PARANA,
,2800645,SAOJOSE,SANTACATARINA,
,284744291,SAOPAULO,SAOPAULO,
,233404576,TRINDADE,GOIAS,
,77328051,SALVADOR,BAHIA,
,184673501,MARINGA,PARANA,
,756407456,NATAL,RIOGRANDEDONORTE,
,75514832,EMBUDASARTES,SAOPAULO,
,673438651,FRANCODAROCHA,SAOPAULO,
,744871576,MASSANGANO,PERNAMBUCO,
,376696213,PLANURA,MINASGERAIS,
,280860797,FLORIANOPOLIS,SANTACATARINA,
,205523352,PORTOALEGRE,RIOGRANDEDOSUL,
,56226365,MOGIDASCRUZES,SAOPAULO,
,272757357,ANANINDEUA,PARA,
,154610309,PORTOVELHO,RONDONIA,
,147240032,RIODEJANEIRO,RIODEJANEIRO,
,273231496,VILAVELHA,ESPIRITOSANTO,
,63726528,SENADORCANEDO,GOIAS,
,380440864,BARRADOJACUIPE,BAHIA,
,101493360,RIOGRANDEDASERRA,SAOPAULO,
,217015573,MANAUS,AMAZONAS,
,844212085,BELOHORIZONTE,MINASGERAIS,
,34279067,BRASILIA,DISTRITOFEDERAL,
,132508267,FEIRADESANTANA,BAHIA,
,23181773,QUEIMADAS,CEARA,
,188169091,ANAPOLIS,GOIAS,
,15337936,MARILAC,MINASGERAIS,
,831679875,MAGE,RIODEJANEIRO,
,362142064,CAMPINAS,SAOPAULO,
,372174501,FORTALEZA,CEARA,
,82455931,MONTEALTO,SAOPAULO,
,178273544,CURACA,BAHIA,
,37873571,BLUMENAU,SANTACATARINA,
,739292864,PIRIPIRI,PIAUI,
,7320253,SAOPAULO,SAOPAULO,
,356263109,TIMBAUBA,PERNAMBUCO,
,200142173,BOMJESUSDALAPA,BAHIA,
,109143571,MURIAE,MINASGERAIS,
,684408027,SAOJOSEDOSCAMPOS,SAOPAULO,
,146559376,SAOPAULO,SAOPAULO,
,146758680,ACARI,RIOGRANDEDONORTE,
,146451901,RIODEJANEIRO,RIODEJANEIRO,
,102130829,RECIFE,PERNAMBUCO,
,153589205,MACAPA,AMAPA,
,78228571,SAOJOSEDONORTE,RIOGRANDEDOSUL,
,80241581,VILADOSCABANOS,PARA,
,14263571,SAOPAULO,SAOPAULO,
,817146755,MANAUS,AMAZONAS,
64122018315,78942456,ELIASFAUSTO,SAOPAULO,
,137421803,RIODEJANEIRO,RIODEJANEIRO,
,142978408,RECIFE,PERNAMBUCO,
,60241003,SALVADOR,BAHIA,
,252481512,SANTOANDRE,SAOPAULO,
,220253557,GASPAR,SANTACATARINA,
,374781541,BELEM,PARA,
,143703355,RIOBRANCO,ACRE,
,213658152,MAUA,SAOPAULO,
,206549568,ARAXA,MINASGERAIS,
,264388376,JACAREI,SAOPAULO,
,144926029,ESTEIO,RIOGRANDEDOSUL,
,346227184,APARECIDADEGOIANIA,GOIAS,
,161877171,COLIDER,MATOGROSSO,
,240773629,FORTALEZA,CEARA,
,286378509,MATIASOLIMPIO,PIAUI,
,214513507,FEIRADESANTANA,BAHIA,
,375163547,BRASILIA,DISTRITOFEDERAL,
,37181475,LENCOISPAULISTA,SAOPAULO,
,205893517,RIODEJANEIRO,RIODEJANEIRO,
,263694523,RONDONOPOLIS,MATOGROSSO,
,8002123,JABOATAODOSGUARARAPES,PERNAMBUCO,
,176061675,SABARA,MINASGERAIS,
,256977640,SALVADOR,BAHIA,
,24310531,SAOLOURENCODAMATA,PERNAMBUCO,
,120485989,OSASCO,SAOPAULO,
,12364109,PIRANHAS,ALAGOAS,
,104407720,GOIANIA,GOIAS,
,187306251,JOAOMONLEVADE,MINASGERAIS,
,242701197,CARPINA,PERNAMBUCO,
,83157701,MAIOBA,MARANHAO,
,352831912,VITORIA,ESPIRITOSANTO,
,251407715,SAOPAULO,SAOPAULO,
,336819947,HORIZONTE,CEARA,
,676361800,CAMPINAS,SAOPAULO,
,2472851,CAMPOGRANDE,MATOGROSSODOSUL,
,267555899,SAOPAULO,SAOPAULO,
,143700427,CAIEIRAS,SAOPAULO,
,257375797,IBIUNA,SAOPAULO,
,98110037,BURITIRAMA,BAHIA,
,220783512,JOAOPESSOA,PARAIBA,
,21470352,MAIRINQUE,SAOPAULO,
,251164859,CAMPINAS,SAOPAULO,
,246422637,SAOPAULO,SAOPAULO,
,155773373,SAOLUIZGONZAGA,RIOGRANDEDOSUL,
,116644152,FORTALEZA,CEARA,
,223032629,PINDORETAMA,CEARA,
,50167181,RECIFE,PERNAMBUCO,
,83880293,SAOPAULO,SAOPAULO,
5309680888,339197808,FORTALEZA,CEARA,
,49882133,RIODEJANEIRO,RIODEJANEIRO,
,280387013,ARACAJU,SERGIPE,
,105003317,CAPANEMA,PARANA,
,275307856,SAOFRANCISCODEGOIAS,GOIAS,
,91679296,CONFINS,MINASGERAIS,
,263695277,SALVADOR,BAHIA,
,15706275,CONCHAL,SAOPAULO,
,114530520,UBERLANDIA,MINASGERAIS,
,57955179,PEDRADOINDAIA,MINASGERAIS,
,717634651,RIODEJANEIRO,RIODEJANEIRO,
,665307309,SALVADOR,BAHIA,
,132854997,AGUACOMPRIDA,MINASGERAIS,
,,,,
,,,,
,id_pessoa_fisica,nom_cidade,des_estado,
,,,,
,716760160,NOVAMUTUM,MATOGROSSO,
,660748923,MONTENEGRO,RIOGRANDEDOSUL,
,805827269,JAU,SAOPAULO,
,854656744,TERESOPOLIS,RIODEJANEIRO,
,296049453,APIACAS,MATOGROSSO,
,363009944,SALVADOR,BAHIA,
,164405176,CABODESANTOAGOSTINHO,PERNAMBUCO,
,61450685,GOIANIA,GOIAS,
,49310160,TERESINA,PIAUI,
,46624136,PINDAMONHANGABA,SAOPAULO,
,793471747,MILAGRES,CEARA,
,812179573,GOIANIA,GOIAS,
,239704411,JOINVILLE,SANTACATARINA,
,58850069,RIODEJANEIRO,RIODEJANEIRO,
,623497557,LAURODEFREITAS,BAHIA,
,88980597,MONTEMOR,SAOPAULO,
,279057760,SANTARITADECASSIA,BAHIA,
,54687573,SAOPAULO,SAOPAULO,
,249607957,SANTOANDRE,SAOPAULO,
,216026493,PORTOALEGRE,RIOGRANDEDOSUL,
,665725107,BELOHORIZONTE,MINASGERAIS,
,243469579,SAOPAULO,SAOPAULO,
,262914248,POCOS,BAHIA,
,242944885,IBITINGA,SAOPAULO,
,830932107,SALVADOR,BAHIA,
,235756168,RIBEIRAODASNEVES,MINASGERAIS,
,153837048,JACOBINA,BAHIA,
,713356064,CAUCAIA,CEARA,
,859470405,VITORIADACONQUISTA,BAHIA,
,96115416,GUARULHOS,SAOPAULO,
,105211237,PACATUBA,CEARA,
,783063875,CAMPOGRANDE,MATOGROSSODOSUL,
,265798723,FORTALEZA,CEARA,
,72788869,CARAGUATATUBA,SAOPAULO,
,63886216,CRICIUMA,SANTACATARINA,
,214993141,PORTOVELHO,RONDONIA,
,204228563,ITAPEVI,SAOPAULO,
,241158315,SAOPAULO,SAOPAULO,
,710311915,VITORIA,ESPIRITOSANTO,
,196257992,BELOHORIZONTE,MINASGERAIS,
,22996144,BERTIOGA,SAOPAULO,
,227932624,TRAIRI,CEARA,
,136308725,CARAPICUIBA,SAOPAULO,
,95120413,PASSODETORRES,SANTACATARINA,
,5012285,CAICO,RIOGRANDEDONORTE,
,87998904,SAOPAULO,SAOPAULO,
,112547573,JI-PARANA,RONDONIA,
,23216501,SAOPAULO,SAOPAULO,
,174346619,MANAUS,AMAZONAS,
,200894560,SAOPAULO,SAOPAULO,
,139954419,CRICIUMA,SANTACATARINA,
,95893136,SAOPAULO,SAOPAULO,
,192076451,NOVAVICOSA,BAHIA,
,109764645,JUIZDEFORA,MINASGERAIS,
,17303848,NATAL,RIOGRANDEDONORTE,
,86547211,JUQUITIBA,SAOPAULO,
,818020851,FORTALEZA,CEARA,
,136993219,TUCURUI,PARA,
,3498360,CONTAGEM,MINASGERAIS,
,85886043,SAOPAULO,SAOPAULO,
,353444613,GOIANIA,GOIAS,
,181724272,TRESCORACOES,MINASGERAIS,
,242202392,SALVADOR,BAHIA,
,240644253,SAOPAULO,SAOPAULO,
,381501411,SAOPAULO,SAOPAULO,
,133115544,RIODEJANEIRO,RIODEJANEIRO,
,400582757,SAOPAULO,SAOPAULO,
,56216147,PETROLINA,PERNAMBUCO,
,65133491,ALVARODECARVALHO,SAOPAULO,
,177560555,GRAVATAI,RIOGRANDEDOSUL,
,202800269,IBOTIRAMA,BAHIA,
,50919019,JACAREI,SAOPAULO,
,341371323,CONCORDIADOPARA,PARA,
,127387101,BALBINA,AMAZONAS,
,142990445,GUARUJA,SAOPAULO,
,161952525,DIASD'AVILA,BAHIA,
,354526955,SAOPAULO,SAOPAULO,
,65541088,PAULISTA,PERNAMBUCO,
,224373619,AGUASLINDASDEGOIAS,GOIAS,
,734534477,MANAUS,AMAZONAS,
,341759139,ANAPOLIS,GOIAS,
,733274205,CAMAMU,BAHIA,
,172817515,SAOPAULO,SAOPAULO,
,204485947,SAOPAULO,SAOPAULO,
,23510968,MORENO,PERNAMBUCO,
,145430955,IGUATU,CEARA,
,247846413,VITORIADACONQUISTA,BAHIA,
,21063875,TRESCORACOES,MINASGERAIS,
,37444411,PATOSDEMINAS,MINASGERAIS,
,659655021,SAOJOSEDERIBAMAR,MARANHAO,
,35648104,COTIA,SAOPAULO,
,265884123,CAUCAIA,CEARA,
,79609373,SALTODEPIRAPORA,SAOPAULO,
,52852989,APARECIDA,SAOPAULO,
,94992773,SALVADOR,BAHIA,
,730676480,VITORIADACONQUISTA,BAHIA,
,34189715,IBIRITE,MINASGERAIS,
,212441395,CABODESANTOAGOSTINHO,PERNAMBUCO,
,106436552,SAOLUISDOQUITUNDE,ALAGOAS,
,109661733,BRASILIA,DISTRITOFEDERAL,
,55412917,SAOPAULO,SAOPAULO,
,793514989,FORTALEZA,CEARA,
,120700784,SANTAREM,PARA,
,191366741,RIODEJANEIRO,RIODEJANEIRO,
,355881013,TERESINA,PIAUI,
,32348403,CARUARU,PERNAMBUCO,
,23063699,JUIZDEFORA,MINASGERAIS,
,855615213,MANAUS,AMAZONAS,
,215561813,LARANJALPAULISTA,SAOPAULO,
,86705197,AMERICANA,SAOPAULO,
,97718872,BRASILIA,DISTRITOFEDERAL,
,41372859,SALVADOR,BAHIA,
,192478960,CARATINGA,MINASGERAIS,
,191751864,RIODEJANEIRO,RIODEJANEIRO,
,106802205,VICOSA,MINASGERAIS,
,142587496,SIMOESFILHO,BAHIA,
,349081795,PATOSDEMINAS,MINASGERAIS,
,130649173,MACEIO,ALAGOAS,
,236532896,DIASD'AVILA,BAHIA,
,346430221,CAMPOMAIOR,PIAUI,
,184740083,RIODEJANEIRO,RIODEJANEIRO,
,662104411,GOIANIA,GOIAS,
,157650920,CAETITE,BAHIA,
,221239435,PATOS,PARAIBA,
,262148011,BELEM,PARA,
,222632576,SALVADOR,BAHIA,
,241791581,IMPERATRIZ,MARANHAO,
,112745989,RIOGRANDE,RIOGRANDEDOSUL,
,9256328,TANABI,SAOPAULO,
,140867245,SAOPAULO,SAOPAULO,
,239393392,RESPLENDOR,MINASGERAIS,
,251766211,RECIFE,PERNAMBUCO,
,73287571,FORTALEZA,CEARA,
,127273517,CONTAGEM,MINASGERAIS,
,173408045,BRASILIA,DISTRITOFEDERAL,
,863930595,FORTALEZA,CEARA,
,53823315,FEIRADESANTANA,BAHIA,
,262287013,LENCOISPAULISTA,SAOPAULO,
,336930128,OSASCO,SAOPAULO,
,353097075,FORTALEZA,CEARA,
,29035427,CUIABA,MATOGROSSO,
,397107811,SALVADOR,BAHIA,
,396485661,VILAVELHA,ESPIRITOSANTO,
,50259021,VOLTAREDONDA,RIODEJANEIRO,
,40917893,SAOJOSEDOSCAMPOS,SAOPAULO,
,246951371,FORTALEZA,CEARA,
,121286808,DIASD'AVILA,BAHIA,
,37148861,IPATINGA,MINASGERAIS,
,380033853,IGARASSU,PERNAMBUCO,
,146888152,PONTAGROSSA,PARANA,
,79429779,FORTALEZA,CEARA,
,63761637,RONDONOPOLIS,MATOGROSSO,
,74143912,ITAGUAI,RIODEJANEIRO,
,175776200,ITAPORANGAD'AJUDA,SERGIPE,
,246036379,ASSIS,SAOPAULO,
,18004635,DUQUEDECAXIAS,RIODEJANEIRO,
,62187976,SAOLUIS,MARANHAO,
,683247403,SAOPAULO,SAOPAULO,
,225634008,NOVAIGUACU,RIODEJANEIRO,
,287759579,PLANALTINA,GOIAS,
,20585424,ALVORADA,RIOGRANDEDOSUL,
,668292203,DIADEMA,SAOPAULO,
,29469008,BOAVISTA,RORAIMA,
,108181373,NATAL,RIOGRANDEDONORTE,
,160595741,PAULISTA,PERNAMBUCO,
,247635851,SAOPAULO,SAOPAULO,
,250098979,MOGIDASCRUZES,SAOPAULO,
,43567493,SABAUNA,SAOPAULO,
,354151672,MARTINOPOLE,CEARA,
,70027368,SAOJOSEDORIOPRETO,SAOPAULO,
,275761987,GOVERNADORVALADARES,MINASGERAIS,
,361644952,MACAPA,AMAPA,
,382723923,JABOATAODOSGUARARAPES,PERNAMBUCO,
,273326757,TEREZOPOLISDEGOIAS,GOIAS,
,109199829,RECIFE,PERNAMBUCO,
,23737205,TABOAODASERRA,SAOPAULO,
,224798437,QUATROBARRAS,PARANA,
,21524725,CURITIBA,PARANA,
,5598800,GUAPORE,RIOGRANDEDOSUL,
,220030717,SAOPAULO,SAOPAULO,
,65991453,TOBIASBARRETO,SERGIPE,
,664034064,SAOPAULO,SAOPAULO,
,384151080,ABADIANIA,GOIAS,
,246603669,TERESINA,PIAUI,
,194143619,FORMOSA,GOIAS,
,99374467,SAOPAULO,SAOPAULO,
,267956347,FORTALEZA,CEARA,
,680580533,BELEM,PARA,
,68544240,RIOVERDE,GOIAS,
,199952595,SALVADOR,BAHIA,
,133083091,TAGUATINGA,DISTRITOFEDERAL,
,205320173,JOAOPESSOA,PARAIBA,
,214432176,QUINTANA,SAOPAULO,
,671778971,VARZEAPAULISTA,SAOPAULO,
,28771277,SAOGONCALO,RIODEJANEIRO,
,64372205,LUCASDORIOVERDE,MATOGROSSO,
,229218813,ANANINDEUA,PARA,
,399010603,CIANORTE,PARANA,
,55608437,SAOPAULO,SAOPAULO,
,60363381,SONORA,MATOGROSSODOSUL,
,222022680,SANTOANTONIODODESCOBERTO,GOIAS,
,275300715,INDAIAL,SANTACATARINA,
,90737400,ANANINDEUA,PARA,
,841246992,GRAVATAI,RIOGRANDEDOSUL,
,282956141,MAUA,SAOPAULO,
,372723955,MANOELEMIDIO,PIAUI,
,241698392,SALVADOR,BAHIA,
,1400552,FERNANDOPOLIS,SAOPAULO,
,344262141,BALSAS,MARANHAO,
,178897776,SALVADOR,BAHIA,
,179079045,ITAPEVA,SAOPAULO,
,137727504,BENEVIDES,PARA,
,43880624,SANTOS,SAOPAULO,
,104989792,QUIXERE,CEARA,
,15303080,JABOATAODOSGUARARAPES,PERNAMBUCO,
,229948752,JABOATAODOSGUARARAPES,PERNAMBUCO,
,394203349,ITUPIRANGA,PARA,
,37216955,SANTOANDRE,SAOPAULO,
,428468035,CAMPOFORMOSO,BAHIA,
,688347568,SAOPAULO,SAOPAULO,
,12613936,SOROCABA,SAOPAULO,
,70816459,VINHEDO,SAOPAULO,
,134475581,ITAPECERICA,MINASGERAIS,
,154188523,MARINGA,PARANA,
,680901789,CACHOEIRADOSUL,RIOGRANDEDOSUL,
,204491931,CANINDEDESAOFRANCISCO,SERGIPE,
,70434093,SAOCARLOS,SAOPAULO,
,21501643,SAOJOSEDOSCAMPOS,SAOPAULO,
,45686213,RIODEJANEIRO,RIODEJANEIRO,
,137506216,GOIANIA,GOIAS,
,201414528,ARCOVERDE,PERNAMBUCO,
,79349989,ITAJUTIBA,MINASGERAIS,
,6323035,MOGIDASCRUZES,SAOPAULO,
,256747,CURITIBA,PARANA,
,861072283,GARRAFAODONORTE,PARA,
,103768928,VIAMAO,RIOGRANDEDOSUL,
,233374851,CRUZEIRODOSUL,ACRE,
,817263344,FORTALEZA,CEARA,
,382228523,TUPACIGUARA,MINASGERAIS,
,117374715,CACHOEIRINHA,RIOGRANDEDOSUL,
,776261411,SAOJOAODEMERITI,RIODEJANEIRO,
,63282077,MACEIO,ALAGOAS,
,373458072,PARAUAPEBAS,PARA,
,164931664,SINOP,MATOGROSSO,
,151228536,COTIA,SAOPAULO,
,386358736,NANUQUE,MINASGERAIS,
,717529253,SANTALUZIA,MINASGERAIS,
,203331851,NOVASANTARITA,RIOGRANDEDOSUL,
,167360355,MAUA,RIOGRANDEDOSUL,
,352089744,OEIRAS,PIAUI,
,185472315,FORTALEZA,CEARA,
,61252352,FRANCISCOMORATO,SAOPAULO,
,113179387,RIOBRANCO,ACRE,
,251728733,MORENO,PERNAMBUCO,
,124109008,CARUARU,PERNAMBUCO,
,242908395,SANTABARBARAD'OESTE,SAOPAULO,
,656358872,FORTALEZA,CEARA,
,238023752,LINHARES,ESPIRITOSANTO,
,182336771,ITABERABA,BAHIA,
,24965379,BODOCO,PERNAMBUCO,
,350892632,BARBACENA,MINASGERAIS,
,270278613,SALVADOR,BAHIA,
,78540893,SANTARITA,MARANHAO,
,361687360,SANTANA,AMAPA,
,220126336,SAOBERNARDODOCAMPO,SAOPAULO,
,202768965,SAOPAULO,SAOPAULO,
,222427325,UMBAUBA,SERGIPE,
,209776680,SALVADOR,BAHIA,
,745826344,SALVADOR,BAHIA,
,263205307,MANAUS,AMAZONAS,
,257498907,ARARAS,SAOPAULO,
,272640008,NHAMUNDA,AMAZONAS,
,154826504,BENTOGONCALVES,RIOGRANDEDOSUL,
,32609453,MACAE,RIODEJANEIRO,
,670540093,BOTUCATU,SAOPAULO,
,46279728,CORUMBA,MATOGROSSODOSUL,
,381586688,PRESIDENTEFIGUEIREDO,AMAZONAS,
,156065651,BENEVIDES,PARA,
,377745227,MANAUS,AMAZONAS,
,96952869,ZEDOCA,MARANHAO,
,855171824,UBERABA,MINASGERAIS,
,60356437,BRASILIA,DISTRITOFEDERAL,
,251968515,CAMPINAS,SAOPAULO,
,348158771,UNIAODOSPALMARES,ALAGOAS,
,98276203,BATATAIS,SAOPAULO,
,11296821,CAMPOGRANDE,MATOGROSSODOSUL,
,415605064,SAOJOAODEMERITI,RIODEJANEIRO,
,170322813,UAUA,BAHIA,
,109633032,SAOJOSEDERIBAMAR,MARANHAO,
,281785856,MATIPO,MINASGERAIS,
,287107,CHAPECO,SANTACATARINA,
,89463331,SAOJOSEDOSCAMPOS,SAOPAULO,
,81850757,RIOCLARO,SAOPAULO,
,106732139,GUARULHOS,SAOPAULO,
,104789328,ARACAJU,SERGIPE,
,178411664,AREAL,RIODEJANEIRO,
,165445205,PORTOVELHO,RONDONIA,
,204773501,FEIRADESANTANA,BAHIA,
,367582037,BONINAL,BAHIA,
,100279829,JATAI,GOIAS,
,215326936,UBERLANDIA,MINASGERAIS,
,108457896,FORTALEZA,CEARA,
,258840560,FOZDOIGUACU,PARANA,
,11338461,RECIFE,PERNAMBUCO,
,855139155,CACHOEIRASECA,PERNAMBUCO,
,114695845,CARUARU,PERNAMBUCO,
,653003216,ENCANTADO,RIOGRANDEDOSUL,
,58830211,SANTAHELENADEGOIAS,GOIAS,
,22482693,IPATINGA,MINASGERAIS,
,240966760,EMBUDASARTES,SAOPAULO,
,265135859,BELOHORIZONTE,MINASGERAIS,
,863458048,FORTALEZA,CEARA,
,688038781,SANTOANDRE,SAOPAULO,
,281377307,CURITIBA,PARANA,
,71270608,TOCOS,RIODEJANEIRO,
,219165867,CRUZEIRO,SAOPAULO,
,47760877,SAOPAULO,SAOPAULO,
,242210483,FORTALEZA,AMAPA,
,165418261,OLINDA,PERNAMBUCO,
,190245925,SAOPAULO,SAOPAULO,
,378647960,OSASCO,SAOPAULO,
,166581963,SAOPAULO,SAOPAULO,
,89817712,BELOHORIZONTE,MINASGERAIS,
,758389987,IMPERATRIZ,MARANHAO,
,33518539,BELOHORIZONTE,MINASGERAIS,
,67520341,CAMPINAS,SAOPAULO,
,55611803,SANTOANDRE,SAOPAULO,
,128172891,PONTAGROSSA,PARANA,
,136555621,RIODEJANEIRO,RIODEJANEIRO,
,690451688,SAOPAULO,SAOPAULO,
,95701933,CAMPOSDOSGOYTACAZES,RIODEJANEIRO,
,407094568,FLORIANOPOLIS,SANTACATARINA,
,672206784,GUARULHOS,SAOPAULO,
,247277019,VARGEMGRANDEPAULISTA,SAOPAULO,
,220580472,RIODEJANEIRO,RIODEJANEIRO,
,189592333,SAOPAULO,SAOPAULO,
,270841325,PAULINIA,SAOPAULO,
,361289856,PARAGOMINAS,PARA,
,197198749,SERTAO,RIOGRANDEDOSUL,
,163294019,SALVADOR,BAHIA,
,6323035,ADAMANTINA,SAOPAULO,
,26901288,SERRA,ESPIRITOSANTO,
,260253389,BELOHORIZONTE,MINASGERAIS,
,273126389,SUMARE,SAOPAULO,
,198280797,RIODEJANEIRO,RIODEJANEIRO,
,204302317,CACHOEIRAPAULISTA,SAOPAULO,
,98458389,RESENDE,RIODEJANEIRO,
,241664688,CONCEICAODAFEIRA,BAHIA,
,202000595,ITABUNA,BAHIA,
,751015080,CABODESANTOAGOSTINHO,PERNAMBUCO,
,104015221,VIANA,MARANHAO,
,242907723,PORTOVELHO,RONDONIA,
,202219171,CAMACARI,BAHIA,
,343532733,FORTALEZA,CEARA,
,143031061,SAOJOSEDOJACURI,MINASGERAIS,
,95664549,SALVADOR,BAHIA,
,197680717,ARACAJU,SERGIPE,
,40159373,TERESOPOLIS,RIODEJANEIRO,
,350927680,SAOLUIS,MARANHAO,
,110560467,ITIRUCU,BAHIA,
,926741,CORDEIRO,RIODEJANEIRO,
,210774285,ARACAJU,SERGIPE,
,31823877,RIODOSUL,SANTACATARINA,
,730212005,SALVADOR,BAHIA,
,137321720,SALVADOR,BAHIA,
,16006115,PORTOALEGRE,RIOGRANDEDOSUL,
,1687496,TESOURO,MATOGROSSO,
,192219128,ITAPEVI,SAOPAULO,
,220283432,GUAIRA,SAOPAULO,
,112798957,LONDRINA,PARANA,
,251945592,SAOPAULO,SAOPAULO,
,378520813,BRASILIA,DISTRITOFEDERAL,
,163718664,PIRAIDOSUL,PARANA,
,120505835,BARREIRAS,BAHIA,
,244808280,ITAPETININGA,SAOPAULO,
,657283723,CAUCAIA,CEARA,
,34498189,GUARUJA,SAOPAULO,
,85616349,JOSEBONIFACIO,SAOPAULO,
,428597208,ITABUNA,BAHIA,
,147088189,PORTOALEGRE,RIOGRANDEDOSUL,
,127821080,JUNDIAI,SAOPAULO,
,200051165,PRAIAGRANDE,SAOPAULO,
,36063192,FORTALEZA,CEARA,
,159110165,CONCEICAODEMACABU,RIODEJANEIRO,
,76942264,CALDASNOVAS,GOIAS,
,154232347,MANAUS,AMAZONAS,
,9388869,PRESIDENTEPRUDENTE,SAOPAULO,
,284671613,SAOPAULO,SAOPAULO,
,231125061,SAOPAULO,SAOPAULO,
,37532355,SANTALUZIA,MINASGERAIS,
,94788395,SAOBERNARDODOCAMPO,SAOPAULO,
,345468843,CONSELHEIROLAFAIETE,MINASGERAIS,
,77045805,TUTOIA,MARANHAO,
,88322768,SAOPAULO,SAOPAULO,
,76412477,FORTALEZA,CEARA,
,61812243,SAOJOSEDOSPINHAIS,PARANA,
,294814045,SAOPAULO,SAOPAULO,
,157293619,SAOVICENTE,SAOPAULO,
,681062029,GRAVATAI,RIOGRANDEDOSUL,
,218663259,ITATIBA,SAOPAULO,
,80833773,MAUA,SAOPAULO,
,190508611,BRASILIA,DISTRITOFEDERAL,
,20701808,BELOHORIZONTE,MINASGERAIS,
,53095603,MACEIO,ALAGOAS,
,740873211,MARACANAU,CEARA,
,758913331,JAU,SAOPAULO,
,186163397,LONDRINA,PARANA,
,341781763,ANAPOLIS,GOIAS,
,138803293,LUZIANIA,GOIAS,
,428860973,JACOBINA,BAHIA,
,15671600,RECIFE,PERNAMBUCO,
,254771947,CARPINA,PERNAMBUCO,
,245019669,LIMEIRA,SAOPAULO,
,154515152,BELEM,PARA,
,175653968,JOINVILLE,SANTACATARINA,
,98978264,ARAGUAINA,TOCANTINS,
,66135147,JAU,SAOPAULO,
,87181544,SAOPAULO,SAOPAULO,
,211998997,BRASILIA,DISTRITOFEDERAL,
,98553131,LAURODEFREITAS,BAHIA,
,281672819,BELOHORIZONTE,MINASGERAIS,
,171330701,URUGUAIANA,RIOGRANDEDOSUL,
,167670331,PRAIAGRANDE,SAOPAULO,
,158090707,JIJOCADEJERICOACOARA,CEARA,
,123859021,TIMON,MARANHAO,
,114822835,SALVADOR,BAHIA,
,212095005,SAOJOSEDORIOPRETO,SAOPAULO,
,235312995,ARARANGUA,SANTACATARINA,
,271869733,SAOPAULO,SAOPAULO,
,118844027,BRASILIA,DISTRITOFEDERAL,
,290372453,VALPARAISODEGOIAS,GOIAS,
,101600819,DIADEMA,SAOPAULO,
,173251515,ALEXANIA,GOIAS,
,35428979,IPATINGA,MINASGERAIS,
,233558581,BRASILIA,DISTRITOFEDERAL,
,23112029,SANTABARBARA,MINASGERAIS,
,253884859,DIADEMA,SAOPAULO,
,77025221,BRASILIA,DISTRITOFEDERAL,
,284985424,SUZANO,SAOPAULO,
,15584189,EUNAPOLIS,BAHIA,
,674522664,CAMPOSDOJORDAO,SAOPAULO,
,51425093,RIODEJANEIRO,RIODEJANEIRO,
,289465803,CRISTOPOLIS,BAHIA,
,152303080,PORTOALEGRE,RIOGRANDEDOSUL,
,48492061,XEREM,RIODEJANEIRO,
,186219459,PORTOALEGRE,RIOGRANDEDOSUL,
,53814043,NITEROI,RIODEJANEIRO,
,29617320,CURITIBA,PARANA,
,27253856,CAMPINAGRANDE,PARAIBA,
,653383643,ABAETETUBA,PARA,
,165354323,SANTOS,SAOPAULO,
,198754800,SAOPAULO,SAOPAULO,
,356818283,SAOPAULO,SAOPAULO,
,397989605,FEIRADESANTANA,BAHIA,
,232317152,COTIA,SAOPAULO,
,380117013,RIODEJANEIRO,RIODEJANEIRO,
,24485352,SOLANEA,PARAIBA,
,121394141,PORTOALEGRE,RIOGRANDEDOSUL,
,78878739,CANOAS,RIOGRANDEDOSUL,
,216216419,SAOPAULO,SAOPAULO,
,802237531,BELOHORIZONTE,MINASGERAIS,
,7193243,SAOPAULO,SAOPAULO,
,246540907,INDAIATUBA,SAOPAULO,
,205496248,FOZDOIGUACU,PARANA,
,87352075,SANTOANDRE,SAOPAULO,
,141769160,NAZARIA,PIAUI,
,251038981,OLINDA,PERNAMBUCO,
,194428443,NATAL,RIOGRANDEDONORTE,
,161500379,OLINDINA,BAHIA,
,12112261,PONTAGROSSA,PARANA,
,375589915,FORTALEZA,CEARA,
,260611923,BELOHORIZONTE,MINASGERAIS,
24048813021,54871997,SAOPAULO,SAOPAULO,
,272594405,SAOSEBASTIAO,SAOPAULO,
,121956008,OUROLANDIA,BAHIA,
,49110765,SAOPAULO,SAOPAULO,
,271559371,SALVADOR,BAHIA,
,194388397,SAOLOURENCODAMATA,PERNAMBUCO,
,198313112,VIDEIRA,SANTACATARINA,
,150020395,FEIRADESANTANA,BAHIA,
,205959704,BELOHORIZONTE,MINASGERAIS,
,423775963,FEIRADESANTANA,BAHIA,
,18862424,BELOHORIZONTE,MINASGERAIS,
,23090915,CERROCORA,RIOGRANDEDONORTE,
,150121368,SAOGONCALODOSCAMPOS,BAHIA,
,125760763,GUARUJA,SAOPAULO,
,167124917,NOVAPONTE,MINASGERAIS,
,10133752,CACHOEIRODEITAPEMIRIM,ESPIRITOSANTO,
,335371597,GOIANIA,GOIAS,
,266438211,PALMAS,TOCANTINS,
,30665560,SALVADOR,BAHIA,
,216102944,RIOBRANCO,ACRE,
,258260189,RIOGRANDE,RIOGRANDEDOSUL,
,113722885,PALESTINADEGOIAS,GOIAS,
,380528163,CRUZEIRODOSUL,ACRE,
,113111856,CONCEICAODAFEIRA,BAHIA,
,8851869,MACAPA,AMAPA,
,288523965,SAOCARLOS,SAOPAULO,
,242019355,SALVADOR,BAHIA,
,245740635,JAU,SAOPAULO,
,273162997,GUARAMIRANGA,CEARA,
,361928344,SALVADOR,BAHIA,
,184146035,SAOPAULO,SAOPAULO,
,140263597,MANARI,PERNAMBUCO,
,220453461,SAOLUIS,MARANHAO,
,49303112,VARZEAPAULISTA,SAOPAULO,
,260232227,CIDADENAOENCONTRADA,ESTADONAOENCONTRADO,
,273493208,BELEM,PARA,
,673059032,VARZEAPAULISTA,SAOPAULO,
,647992501,GOIANIA,GOIAS,
,163521501,MORENO,PERNAMBUCO,
,355486768,ARARAQUARA,SAOPAULO,
,156970459,ANAPOLIS,GOIAS,
,668408813,SAOPAULO,SAOPAULO,
,75328632,SOROCABA,SAOPAULO,
,336431096,RIBEIRAODASNEVES,MINASGERAIS,
,661251144,SAOGONCALO,RIODEJANEIRO,
,248739379,AMERICANA,SAOPAULO,
,353719779,TIMOTEO,MINASGERAIS,
,6821253,GUARULHOS,SAOPAULO,
,10744805,RIODEJANEIRO,RIODEJANEIRO,
,29855011,GUAPIACU,SAOPAULO,
,26863989,JOINVILLE,SANTACATARINA,
,656198477,MONTEALVERNE,CEARA,
,225840347,MANAUS,AMAZONAS,
,188570989,SAOBENTODOSUL,SANTACATARINA,
,347803299,FORTALEZA,CEARA,
,78384797,CARPINA,PERNAMBUCO,
,154155520,MANAUS,AMAZONAS,
,168670995,TRESCORACOES,MINASGERAIS,
,77291549,FEIRADESANTANA,BAHIA,
,64854411,ITIUBA,BAHIA,
,48234808,SAOGONCALO,RIODEJANEIRO,
,762042944,FORTALEZA,CEARA,
,246486941,DIOGODEVASCONCELOS,MINASGERAIS,
,233589696,BENEVIDES,PARA,
,245511909,PACODOLUMIAR,MARANHAO,
,16660224,JACUIPE,ALAGOAS,
,239798040,OSASCO,SAOPAULO,
,280945331,RIODEJANEIRO,RIODEJANEIRO,
,346330432,APARECIDADEGOIANIA,GOIAS,
,94267379,MOGIGUACU,SAOPAULO,
,151936083,UBERLANDIA,MINASGERAIS,
,18153347,CABODESANTOAGOSTINHO,PERNAMBUCO,
,193927779,ARACAJU,SERGIPE,
,381397064,SOROCABA,SAOPAULO,
,357428072,IGUATAMA,MINASGERAIS,
,252167635,MONTEIRO,PARAIBA,
,821840725,FORTALEZA,CEARA,
,7574349,SANTALUZIA,MINASGERAIS,
,172618200,BETIM,MINASGERAIS,
,279922453,BRASILIA,DISTRITOFEDERAL,
,142986269,PORTOALEGRE,RIOGRANDEDOSUL,
,228344075,LORENA,SAOPAULO,
,683289821,FERRAZDEVASCONCELOS,SAOPAULO,
,50321920,CAMPINAS,SAOPAULO,
,358314976,CARNEIROS,ALAGOAS,
,77281141,ALEXANIA,GOIAS,
,166744568,BELOHORIZONTE,MINASGERAIS,
,203312453,BELOHORIZONTE,MINASGERAIS,
,281270051,CURITIBA,PARANA,
,162230493,SALVADOR,BAHIA,
,61676107,NATAL,RIOGRANDEDONORTE,
,203118152,CHAPECO,SANTACATARINA,
,360994120,MANAUS,AMAZONAS,
,675755549,BARREIRAS,BAHIA,
,341879755,BELOHORIZONTE,MINASGERAIS,
,173555251,SAOPAULO,SAOPAULO,
,222107805,SANTOANTONIOPAULISTA,SAOPAULO,
,181374688,IMPERATRIZ,MARANHAO,
,269549763,POCONE,MATOGROSSO,
,693510123,MOGIDASCRUZES,SAOPAULO,
,348890792,CARIACICA,ESPIRITOSANTO,
,155879517,MACAPA,AMAPA,
,247302731,BARUERI,SAOPAULO,
,161044547,BRASILIA,DISTRITOFEDERAL,
,218935144,PIUMHI,MINASGERAIS,
,117499373,BRUSQUE,SANTACATARINA,
,238667992,ARACAJU,SERGIPE,
,363895128,MERIDIANO,SAOPAULO,
,170252403,ITAJAI,SANTACATARINA,
,279040685,BOTUPORA,BAHIA,
,180292320,SAOGONCALO,RIODEJANEIRO,
,134301645,MACEIO,ALAGOAS,
,380061000,BEZERROS,PERNAMBUCO,
,245194915,ANANINDEUA,PARA,
,147814664,FORTALEZA,CEARA,
,5957611,SAOLOURENCODAMATA,PERNAMBUCO,
,166751904,TELEMACOBORBA,PARANA,
,6551325,FORMOSA,GOIAS,
,35932725,RIODEJANEIRO,RIODEJANEIRO,
,148484603,TIMOTEO,MINASGERAIS,
,351993904,SAOTOME,PARANA,
,351676512,AGUASLINDASDEGOIAS,GOIAS,
,107295269,CANDIBA,BAHIA,
,141410336,ALVORADA,RIOGRANDEDOSUL,
,230684987,SAOPAULO,SAOPAULO,
,4115133,CASCAVEL,PARANA,
,106188664,IPATINGA,MINASGERAIS,
,6250157,BELOHORIZONTE,MINASGERAIS,
,270243587,SALVADOR,BAHIA,
,121199824,TANGARADASERRA,MATOGROSSO,
,342952600,JAPARATUBA,SERGIPE,
,354902493,RIBEIRAODASNEVES,MINASGERAIS,
,268382197,JAGUARUANA,CEARA,
,676500608,SAOPAULO,SAOPAULO,
,124395875,BELOHORIZONTE,MINASGERAIS,
,104066968,CAMPINAS,SAOPAULO,
,173546131,SALVADOR,BAHIA,
,137994651,CURITIBA,PARANA,
,253970411,PORTOVELHO,RONDONIA,
,358598707,MACEIO,ALAGOAS,
,98877349,SAOPAULO,SAOPAULO,
,124565232,BELEM,PARA,
,328707139,CAMPOGRANDE,MATOGROSSODOSUL,
,39154973,POCOSDECALDAS,MINASGERAIS,
,232934971,SAOPAULO,SAOPAULO,
,173396464,CAJAMAR,SAOPAULO,
,356559744,GOVERNADORVALADARES,MINASGERAIS,
,261664139,PARAUAPEBAS,PARA,
,203308029,RIODEJANEIRO,RIODEJANEIRO,
,161942861,RIOPIRACICABA,MINASGERAIS,
,258072723,CANOAS,RIOGRANDEDOSUL,
,341225573,FORTALEZA,CEARA,
,274686579,FEIRADESANTANA,BAHIA,
,117798853,ITUIUTABA,MINASGERAIS,
,92544557,SAOJOSEDORIOPRETO,SAOPAULO,
,198083445,JOINVILLE,SANTACATARINA,
,663026096,CAXIASDOSUL,RIOGRANDEDOSUL,
,254727576,UIRAUNA,PARAIBA,
,70594317,CURITIBA,PARANA,
,276885869,CONGONHINHAS,PARANA,
,28246424,NOSSASENHORADOSOCORRO,SERGIPE,
,154628893,ARAGUAINA,TOCANTINS,
,249524320,SAOPAULO,SAOPAULO,
,89355920,RECIFE,PERNAMBUCO,
,210916088,BELOHORIZONTE,MINASGERAIS,
,73999776,CONTAGEM,MINASGERAIS,
,89506109,APARECIDADEGOIANIA,GOIAS,
,92738312,SALVADOR,BAHIA,
,73466451,JAGUARUANA,CEARA,
,33170123,RIODEJANEIRO,RIODEJANEIRO,
,350238237,TIMON,MARANHAO,
,68213256,TERESINA,PIAUI,
,55305619,SAOPAULO,SAOPAULO,
,52660720,MONTESCLAROS,MINASGERAIS,
,349685704,PLANALTINA,GOIAS,
,163379496,ARARUAMA,RIODEJANEIRO,
,45157939,SAOPAULO,SAOPAULO,
,99316072,BRASILIA,DISTRITOFEDERAL,
,393964325,GOVERNADOREDISONLOBAO,MARANHAO,
,203439293,RIODEJANEIRO,RIODEJANEIRO,
,292506032,BELEM,PARA,
,108561907,CARAZINHO,RIOGRANDEDOSUL,
,142352928,SAOCAETANODOSUL,SAOPAULO,
,23177424,OLINDA,PERNAMBUCO,
,51531331,SAOPAULO,SAOPAULO,
,220963096,FORTALEZA,CEARA,
,709029165,APARECIDADEGOIANIA,GOIAS,
,275810763,SATIRODIAS,BAHIA,
,207699048,CURITIBANOS,SANTACATARINA,
,743522941,SAPUCAIADOSUL,RIOGRANDEDOSUL,
,166717307,BELEM,PARA,
,33262269,PORTOALEGRE,RIOGRANDEDOSUL,
,246442331,ANAPOLIS,GOIAS,
,246796347,RIBEIRAOPRETO,SAOPAULO,
,78774269,JANDAIADOSUL,PARANA,
,35999789,MANAUS,AMAZONAS,
,675035464,OSASCO,SAOPAULO,
,367292360,ENTRERIOS,BAHIA,
,36819301,SAOPAULO,SAOPAULO,
,52643160,SAOGONCALO,RIODEJANEIRO,
,144017872,IACIARA,GOIAS,
,271789435,MANAUS,AMAZONAS,
,279395867,FORTALEZA,CEARA,
,16932197,JOAOMONLEVADE,MINASGERAIS,
,264138459,SENADORCANEDO,GOIAS,
,151919581,BARBALHA,CEARA,
,797989461,JOINVILLE,SANTACATARINA,
,259182029,OLINDA,PERNAMBUCO,
,816738712,DOMPEDRITO,RIOGRANDEDOSUL,
,280606299,SALVADOR,BAHIA,
,4334093,BELOHORIZONTE,MINASGERAIS,
,64786736,MANAUS,AMAZONAS,
,85832613,JUNDIAI,SAOPAULO,
,224132227,FORTALEZA,CEARA,
,222678443,RIODEJANEIRO,RIODEJANEIRO,
,131703149,CAMPOSDOSGOYTACAZES,RIODEJANEIRO,
,90013251,SAOJOSEDORIOPRETO,SAOPAULO,
,2953453,BIRIGUI,SAOPAULO,
,18589013,CAPIVARI,SAOPAULO,
,68197779,MACEIO,ALAGOAS,
,97952944,SALVADOR,BAHIA,
,141617523,SAOLEOPOLDO,RIOGRANDEDOSUL,
,187592541,SALGUEIRO,PERNAMBUCO,
,75187971,ITAPEVI,SAOPAULO,
,247416728,GUARUJA,SAOPAULO,
,380529261,JUNCODOSERIDO,PARAIBA,
,202244320,SAOPAULO,SAOPAULO,
,408242131,JOINVILLE,SANTACATARINA,
,165318336,ELDORADODOSUL,RIOGRANDEDOSUL,
,352448712,ITAPORANGA,PARAIBA,
,265368211,BALSANOVA,PARANA,
,105584859,MACAPA,AMAPA,
,31203933,VITORIADACONQUISTA,BAHIA,
,243378027,ARACATU,BAHIA,
,251923957,RECIFE,PERNAMBUCO,
,30711352,RECIFE,PERNAMBUCO,
,78125755,CURITIBA,PARANA,
,346984160,JOAOPESSOA,PARAIBA,
,176205405,NITEROI,RIODEJANEIRO,
,622120920,INDAIAL,SANTACATARINA,
,13378349,CUIABA,MATOGROSSO,
,362488803,CAMACARI,BAHIA,
,157499661,RIOAZUL,PARANA,
,45036821,RECIFE,PERNAMBUCO,
,151545413,SANTOANTONIODODESCOBERTO,GOIAS,
,172704891,RONDONOPOLIS,MATOGROSSO,
,150274949,BRASILIA,DISTRITOFEDERAL,
,282818160,SANTOANTONIODEPADUA,RIODEJANEIRO,
,149242451,MIRANDOPOLIS,SAOPAULO,
,259050453,JABOATAODOSGUARARAPES,PERNAMBUCO,
,733842901,PINHAIS,PARANA,
,248987072,SAOBERNARDODOCAMPO,SAOPAULO,
,255250440,MAUA,SAOPAULO,
,347249176,QUIPAPA,PERNAMBUCO,
,345075979,BELEM,PARA,
,66461189,MANAUS,AMAZONAS,
,197735347,VARZEDO,BAHIA,
,275468101,SAOJOSEDOSCAMPOS,SAOPAULO,
,276492955,JOAOPESSOA,PARAIBA,
,693849472,FLORIANOPOLIS,SANTACATARINA,
,152544088,BOAVISTA,RORAIMA,
,733179283,MOMBACA,CEARA,
,212987261,BELOHORIZONTE,MINASGERAIS,
,210269640,CONTAGEM,MINASGERAIS,
,173052584,RECIFE,PERNAMBUCO,
,171995221,FRUTAL,MINASGERAIS,
,168547387,JOINVILLE,SANTACATARINA,
,179197136,BOTUCATU,SAOPAULO,
,73845357,GUARUJA,SAOPAULO,
,57757925,ITAOBIM,MINASGERAIS,
,75259480,SAOLUIS,MARANHAO,
,263165272,SAOPAULO,SAOPAULO,
,149642995,SALVADOR,BAHIA,
,159646157,ITABORAI,RIODEJANEIRO,
,196548928,BELOHORIZONTE,MINASGERAIS,
,346960160,PIMENTABUENO,RONDONIA,
,363355517,CAETITE,BAHIA,
,716319203,CONCEICAODOARAGUAIA,PARA,
,242265949,SAOPAULO,SAOPAULO,
38553034011,662924296,ANGRADOSREIS,RIODEJANEIRO,
,61011053,BELEM,PARA,
,219148995,GUARUJA,SAOPAULO,
,47789907,MANAUS,AMAZONAS,
,59799456,BRASILIADEMINAS,MINASGERAIS,
,664377368,RIOBRILHANTE,MATOGROSSODOSUL,
,256876600,TEOLANDIA,BAHIA,
,68585088,VITORIADACONQUISTA,BAHIA,
,379241733,NOVAESPERANCADOPIRIA,PARA,
,115158640,CAMACARI,BAHIA,
,223146285,SANTALUZIADECARATINGA,MINASGERAIS,
,143556747,SALVADOR,BAHIA,
,80473379,CIDADEOCIDENTAL,GOIAS,
,169129347,SAOPAULO,SAOPAULO,
,208528851,SALVADOR,BAHIA,
,166423232,APUI,AMAZONAS,
,112646643,FORTALEZA,AMAPA,
,348099349,CIDADENAOENCONTRADA,ESTADONAOENCONTRADO,
,184637861,SOROCABA,SAOPAULO,
,414899773,BODO,RIOGRANDEDONORTE,
,809132480,PIRACICABA,SAOPAULO,
,43347757,MIRANDOPOLIS,SAOPAULO,
,279244584,FORTALEZA,CEARA,
,50624224,RIODEJANEIRO,RIODEJANEIRO,
,124895680,RIBEIRAODASNEVES,MINASGERAIS,
,264839635,BELOJARDIM,PERNAMBUCO,
,246741032,GUARATINGUETA,SAOPAULO,
,40095208,QUEIMADAS,BAHIA,
,275403216,SAOLUIS,MARANHAO,
,288365869,PIRAPETINGA,MINASGERAIS,
,167949061,PORTOREAL,RIODEJANEIRO,
,83527453,FORTALEZA,CEARA,
,58739680,CAIEIRAS,SAOPAULO,
,227129352,SALVADOR,BAHIA,
,74646403,SALVADOR,BAHIA,
,758936037,SAOJOSEDORIOPRETO,SAOPAULO,
,742801416,ANANINDEUA,PARA,
,158357189,ITAPETINGA,BAHIA,
,196031131,MOSSORO,RIOGRANDEDONORTE,
,156304853,JUAZEIRODONORTE,CEARA,
,130588995,MANACAPURU,AMAZONAS,
,8228509,RIODEJANEIRO,RIODEJANEIRO,
,4512787,SAOPAULO,SAOPAULO,
,172815869,CUIABA,MATOGROSSO,
,673261472,MOGIDASCRUZES,SAOPAULO,
,101285675,CAJAMAR,SAOPAULO,
,62679357,SANTOANTONIOPAULISTA,SAOPAULO,
,7843717,OSASCO,SAOPAULO,
,89670536,JOAOPESSOA,PARAIBA,
,46945725,JOAOPESSOA,PARAIBA,
,273332579,NOVOHAMBURGO,RIOGRANDEDOSUL,
,217684144,SAOLUIS,MARANHAO,
,339005429,PIRASSUNUNGA,SAOPAULO,
,57539320,POMBAL,PARAIBA,
,245766968,VIGIA,PARA,
,13742485,SAOGONCALO,RIODEJANEIRO,
,73614576,GUAJARA-MIRIM,RONDONIA,
,355761456,SERRA,ESPIRITOSANTO,
,224891968,MANDURI,SAOPAULO,
,368753357,CURUCA,PARA,
,162176469,AIUABA,CEARA,
,245017429,ANAPOLIS,GOIAS,
,373267464,ANISIODEABREU,PIAUI,
,125811277,SERRA,ESPIRITOSANTO,
,661808155,BATATAIS,SAOPAULO,
,272237171,RECIFE,PERNAMBUCO,
,194457723,LAURODEFREITAS,BAHIA,
,100313440,GUARULHOS,SAOPAULO,
,27950259,BATURITE,CEARA,
,746258368,SAOJOSEDORIOPRETO,SAOPAULO,
,385133619,FRUTAL,MINASGERAIS,
,149080861,SANTALUZIA,MINASGERAIS,
,166957829,BLUMENAU,SANTACATARINA,
,235414445,IBICARAI,BAHIA,
,397949568,SANTOANTONIODODESCOBERTO,GOIAS,
,59710035,ITABELA,BAHIA,
,94700611,CAMPINAS,SAOPAULO,
,257153117,ALVORADA,RIOGRANDEDOSUL,
,100051840,TOLEDO,MINASGERAIS,
,186155160,NATAL,RIOGRANDEDONORTE,
,382366208,CAMPOSDOSGOYTACAZES,RIODEJANEIRO,
,743776427,RUSSAS,CEARA,
,209148883,SAOPAULO,SAOPAULO,
,40673083,MANAUS,AMAZONAS,
,157069491,MARABA,PARA,
,274067965,TABOAODASERRA,SAOPAULO,
,351767896,CAMPINAGRANDE,PARAIBA,
,352401019,ANAPOLIS,GOIAS,
,670345139,RIBEIRAOPIRES,SAOPAULO,
,89971773,HUMILDES,BAHIA,
,204812437,SAOJOSEDOSCAMPOS,SAOPAULO,
,151619128,JENIPAPODOSVIEIRAS,MARANHAO,
,140789515,EUSEBIO,CEARA,
,102169304,PICOS,PIAUI,
,15042899,JABOATAODOSGUARARAPES,PERNAMBUCO,
,51116803,FORTALEZA,CEARA,
,212591811,SOROCABA,SAOPAULO,
,345614819,ABREUELIMA,PERNAMBUCO,
,147749309,CUBATAO,SAOPAULO,
,109059293,IMPERATRIZ,MARANHAO,
,241406104,DIADEMA,SAOPAULO,
,111851893,TERESINA,PIAUI,
,253155205,CAMPINAS,SAOPAULO,
,251526728,VITORIADACONQUISTA,BAHIA,
,146707512,LAURODEFREITAS,BAHIA,
,266567136,VERANOPOLIS,RIOGRANDEDOSUL,
,253050616,MACAPA,AMAPA,
,6553512,SANTOANTONIODEPADUA,RIODEJANEIRO,
,710881947,SAOPAULO,SAOPAULO,
,147845075,CURITIBA,PARANA,
,751555453,NATAL,RIOGRANDEDONORTE,
,337540896,COLNIZA,MATOGROSSO,
,164843965,RECIFE,PERNAMBUCO,
,369983021,FORTALEZA,CEARA,
,178998264,GUAIRACA,PARANA,
,265796539,BELOHORIZONTE,MINASGERAIS,
,50285579,CAMPINAS,SAOPAULO,
,162434563,RUSSAS,CEARA,
,100167208,CINCORIOS,BAHIA,
,11017075,CURITIBA,PARANA,
,614792,MONTESCLAROS,MINASGERAIS,
,270569709,SAOPAULO,SAOPAULO,
,32755411,ITUIUTABA,MINASGERAIS,
,276059181,BALNEARIOCAMBORIU,SANTACATARINA,
,675391101,MAIRIPORA,SAOPAULO,
,267810261,BRASILIA,DISTRITOFEDERAL,
,163750256,SALVADOR,BAHIA,
,185245051,TRINDADE,GOIAS,
,154296461,BELEM,PARA,
,48879816,ALEXANDRIA,RIOGRANDEDONORTE,
,18183448,GOIANIA,GOIAS,
,663569635,ANAPOLIS,GOIAS,
,261782651,FORTALEZA,CEARA,
,272357395,CAMPOGRANDE,MATOGROSSODOSUL,
,667574400,NILOPOLIS,RIODEJANEIRO,
,213913211,OLINDA,PERNAMBUCO,
,157719843,PETROLINA,PERNAMBUCO,
,92186675,COMBINADO,TOCANTINS,
,232366483,OSASCO,SAOPAULO,
,51411597,JOAOPESSOA,PARAIBA,
,195710752,ARACOIABADASERRA,SAOPAULO,
,666980016,RIODEJANEIRO,RIODEJANEIRO,
,78938853,BELEM,ALAGOAS,
,141508515,GOIANIA,GOIAS,
,356403416,ALEGRETE,RIOGRANDEDOSUL,
,13033424,MACEIO,ALAGOAS,
,178738805,CAUCAIA,CEARA,
,120341072,PEDROII,PIAUI,
,79591072,FLORIANOPOLIS,SANTACATARINA,
,270371416,FEIRADESANTANA,BAHIA,
,255024949,SANTOANDRE,SAOPAULO,
,218763683,TOBIASBARRETO,SERGIPE,
,5426283,MOGIDASCRUZES,SAOPAULO,
,269823152,PARACURU,CEARA,
,156651280,PORTOALEGRE,RIOGRANDEDOSUL,
,384230613,BARREIRAS,BAHIA,
,349567320,RIBEIRAODASNEVES,MINASGERAIS,
,337424424,CANINDE,CEARA,
,136547557,CUIABA,MATOGROSSO,
,22124531,FERNANDOPOLIS,SAOPAULO,
,290454512,LONDRINA,PARANA,
,24628408,TAMANDARE,PERNAMBUCO,
,380218352,ITAPEJARAD'OESTE,PARANA,
,669500381,NOVAFRIBURGO,RIODEJANEIRO,
,167693267,SAOGONCALO,RIODEJANEIRO,
,670811699,ARARAQUARA,SAOPAULO,
,170607416,CUIABA,MATOGROSSO,
,180829091,SAOPAULO,SAOPAULO,
,263331443,MARILIA,SAOPAULO,
,121415347,APARECIDADEGOIANIA,GOIAS,
,131221573,BALNEARIOCAMBORIU,SANTACATARINA,
,90276963,LIMOEIRODONORTE,CEARA,
,377396979,JALES,SAOPAULO,
,345051696,TAQUARALTO,TOCANTINS,
,236941403,PAULISTA,PERNAMBUCO,
,849753440,MARITUBA,PARA,
,129000424,IBATE,SAOPAULO,
12731112573,38399368,ANANINDEUA,PARA,
,1451571,BELEM,PARA,
,758111861,VISEU,PARA,
,285098091,ALUMINIO,SAOPAULO,
,52399227,TABOAODASERRA,SAOPAULO,
,261560371,SAOPAULO,SAOPAULO,
,2131829,SANTOANDRE,SAOPAULO,
,818736603,RIOBRANCO,ACRE,
,743517744,SAOLUIS,MARANHAO,
,24282957,SANTOANDRE,SAOPAULO,
,423795851,ALAGOINHAS,BAHIA,
,353519392,SAOBERNARDODOCAMPO,SAOPAULO,
,687247539,TRESPONTAS,MINASGERAIS,
,174841693,BRASILIA,DISTRITOFEDERAL,
,144629536,CATAGUASES,MINASGERAIS,
,362962171,FEIRADESANTANA,BAHIA,
,743205152,CAXIASDOSUL,RIOGRANDEDOSUL,
,40894864,SAOPAULO,SAOPAULO,
,214687824,IPATINGA,MINASGERAIS,
18106900800,378644008,ASSIS,SAOPAULO,
,288774181,DOISCORREGOS,SAOPAULO,
,120642328,FORTALEZA,CEARA,
,50961389,OLINDA,PERNAMBUCO,
,126575912,MANICORE,AMAZONAS,
,270710499,SAOCAETANODOSUL,SAOPAULO,
,109331291,SANTOANTONIODEJESUS,BAHIA,
,176847309,BERTIOGA,SAOPAULO,
,664138504,MOGIDASCRUZES,SAOPAULO,
,806668299,DUQUEDECAXIAS,RIODEJANEIRO,
,415260387,IMPERATRIZ,MARANHAO,
,194501864,MACEIO,ALAGOAS,
,185111181,PORTOALEGRE,RIOGRANDEDOSUL,
,145059019,PARADEMINAS,MINASGERAIS,
,182833995,CAMBE,PARANA,
,115005637,PORTOALEGRE,RIOGRANDEDOSUL,
,86317704,CONTAGEM,MINASGERAIS,
,347962259,CONTAGEM,MINASGERAIS,
,170663640,CUIABA,MATOGROSSO,
,100850099,VITORIADACONQUISTA,BAHIA,
,233908075,PAULISTA,PERNAMBUCO,
,289594093,SAOCARLOS,SAOPAULO,
,122073901,IBIRITE,MINASGERAIS,
,43781643,ITATIBA,SAOPAULO,
,148174608,SALVADOR,BAHIA,
,113983195,LONDRINA,PARANA,
,239366880,FORTALEZA,CEARA,
,25963848,FORTALEZA,CEARA,
,197302416,FEIRADESANTANA,BAHIA,
,95571219,SAOLOURENCODAMATA,PERNAMBUCO,
,345545677,SAOPAULO,SAOPAULO,
,60292184,VARJOTA,CEARA,
,44899013,MESQUITA,RIODEJANEIRO,
,205319123,SANTAMARIA,RIOGRANDEDOSUL,
,289793875,SAOSEBASTIAO,SAOPAULO,
,257975203,RECIFE,PERNAMBUCO,
,141989477,SANTAMARGARIDA,MINASGERAIS,
,153380560,FORTALEZA,CEARA,
,199524997,CAJAMAR,SAOPAULO,
,29674525,IMPERATRIZ,MARANHAO,
,18178693,GUARULHOS,SAOPAULO,
,235675064,CONTAGEM,MINASGERAIS,
,194671715,RECIFE,PERNAMBUCO,
,220339696,FRANCODAROCHA,SAOPAULO,
,281224179,SAOPAULO,SAOPAULO,
,109984208,SALVADOR,BAHIA,
,170965928,VARZELANDIA,MINASGERAIS,
,12905451,FLORES,PERNAMBUCO,
,195948363,CAPIMGROSSO,BAHIA,
,142580149,FORTALEZA,CEARA,
,53419941,SAOPAULO,SAOPAULO,
,56921115,RIODEJANEIRO,RIODEJANEIRO,
,166793424,RECIFE,PERNAMBUCO,
,33862059,MARILIA,SAOPAULO,
,121177819,JAU,SAOPAULO,
,138319715,BOTUCATU,SAOPAULO,
,141021520,RIOVERDE,GOIAS,
,61682317,NATAL,RIOGRANDEDONORTE,
,173157912,ANANINDEUA,PARA,
,223898035,MAUA,SAOPAULO,
,172134035,BRUSQUE,SANTACATARINA,
,193699672,BELOHORIZONTE,MINASGERAIS,
,72586925,BELEM,PARA,
,134121725,SENADORCANEDO,GOIAS,
,355885952,SAOJOSEDOSPINHAIS,PARANA,
,116069344,OLINDA,PERNAMBUCO,
,116133285,BRASILIA,DISTRITOFEDERAL,
,54668115,COTIA,SAOPAULO,
,819543325,DUQUEDECAXIAS,RIODEJANEIRO,
,347956376,IPUEIRAS,CEARA,
,269564320,MIRASSOLD'OESTE,MATOGROSSO,
,100039187,TEOFILOOTONI,MINASGERAIS,
,52327792,SAOPAULO,SAOPAULO,
,213413299,BELEM,PARA,
,131406907,BELOHORIZONTE,MINASGERAIS,
,376416357,ANAPOLIS,GOIAS,
,65452376,FOZDOIGUACU,PARANA,
,,,,
,,,,
,id_pessoa_fisica,nom_cidade,des_estado,
,,,,
,13768155,CATENDE,PERNAMBUCO,
,275605675,GOVERNADORNUNESFREIRE,MARANHAO,
,242487357,CARAGUATATUBA,SAOPAULO,
,76327421,RIOVERDE,GOIAS,
,40421504,CAMPINAS,SAOPAULO,
,346943472,JABOATAODOSGUARARAPES,PERNAMBUCO,
,267358264,UBERLANDIA,MINASGERAIS,
,254738725,CARMODOCAJURU,MINASGERAIS,
28537130320,283458923,ARACATUBA,SAOPAULO,
,210583267,PIATA,BAHIA,
,192693235,NITEROI,RIODEJANEIRO,
,669271035,MIRASSOL,SAOPAULO,
,239072925,PAULISTA,PARAIBA,
,73317371,VILARICA,MATOGROSSO,
,830332723,RIODEJANEIRO,RIODEJANEIRO,
,663509301,PARAISODASAGUAS,MATOGROSSODOSUL,
,148217347,SALVADOR,BAHIA,
,141904301,GETULIOVARGAS,RIOGRANDEDOSUL,
,758419661,SAOSEBASTIAODOPASSE,BAHIA,
,155526213,DUQUEDECAXIAS,RIODEJANEIRO,
,193259400,CAMPINAS,SAOPAULO,
,672821632,MATAO,SAOPAULO,
,257638451,DIADEMA,SAOPAULO,
,215390909,CAMPOGRANDE,ALAGOAS,
,110971600,TERESINA,PIAUI,
,183982400,CIDADENAOENCONTRADA,ESTADONAOENCONTRADO,
,149655875,MANAUS,AMAZONAS,
,194866579,SALVADOR,BAHIA,
,104637901,PARAUAPEBAS,PARA,
,156365195,CAMPINAS,SAOPAULO,
,14704587,ARARUAMA,RIODEJANEIRO,
,758822963,PORTOVELHO,RONDONIA,
,348983725,FORTALEZA,CEARA,
,29013205,SALVADOR,BAHIA,
,356802603,LUMINARIAS,MINASGERAIS,
,61365027,RONDONOPOLIS,MATOGROSSO,
,275638184,CALDAS,MINASGERAIS,
,5713787,RIODEJANEIRO,RIODEJANEIRO,
,168648888,BELOHORIZONTE,MINASGERAIS,
,73071109,JAU,SAOPAULO,
,179119448,BRASILIA,DISTRITOFEDERAL,
,139870763,BOCADAMATA,ALAGOAS,
,250332627,GUARULHOS,SAOPAULO,
,186064533,VICOSA,MINASGERAIS,
,94109341,SALTO,SAOPAULO,
,342681864,PALMEIRASDEGOIAS,GOIAS,
,205278403,SALVADOR,BAHIA,
,80300645,SALVADOR,BAHIA,
,177363619,SOBRAL,CEARA,
,159073656,ESTANCIA,SERGIPE,
,253062520,PENAPOLIS,SAOPAULO,
,414627000,BIGUACU,SANTACATARINA,
,204886715,SALVADOR,BAHIA,
,189218011,CAMPOGRANDE,MATOGROSSODOSUL,
,369003696,GOIANIA,GOIAS,
,731238352,CAMPINAS,SAOPAULO,
,2934928,ANDRADINA,SAOPAULO,
,345418512,SAOJOSEDERIBAMAR,MARANHAO,
,669048659,SAOPAULO,SAOPAULO,
,374701683,MAURITI,CEARA,
,202277579,GUANAMBI,BAHIA,
,126070733,CAMPOSDOJORDAO,SAOPAULO,
,143071528,AQUIRAZ,CEARA,
,117643048,MARABA,PARA,
,218539256,GUARULHOS,SAOPAULO,
,674827179,ITAPETININGA,SAOPAULO,
,253544040,MANAUS,AMAZONAS,
,184137861,JOINVILLE,SANTACATARINA,
,177258781,GUARAPUAVA,PARANA,
,106285336,FOZDOIGUACU,PARANA,
,677118811,SAOPAULO,SAOPAULO,
,428797504,SAOJOSEDORIOGRANDE,BAHIA,
,125245117,MACAE,RIODEJANEIRO,
,11015571,JOAOPESSOA,PARAIBA,
,395796992,POA,SAOPAULO,
,164846339,ITACOATIARA,AMAZONAS,
,95190221,SALVADOR,BAHIA,
,96506248,CAMACARI,BAHIA,
,203199125,VIAMAO,RIOGRANDEDOSUL,
,243836155,GOIANIA,GOIAS,
,156647237,PORTOGRANDE,AMAPA,
,140262397,JURUENA,MATOGROSSO,
,23139747,PRESIDENTEVENCESLAU,SAOPAULO,
,257141531,SIMOESFILHO,BAHIA,
,251545821,SANTOESTEVAO,BAHIA,
,275726587,SALVADOR,BAHIA,
,42260893,OUROPRETO,MINASGERAIS,
,276201835,RECIFE,PERNAMBUCO,
,361659083,SANTANA,AMAPA,
,198056725,RIODEJANEIRO,RIODEJANEIRO,
,105832275,GLORIAD'OESTE,MATOGROSSO,
,63798832,RIODEJANEIRO,RIODEJANEIRO,
,226297469,CACAPAVA,SAOPAULO,
,731357453,PETROLINA,PERNAMBUCO,
,171585632,VITORIA,ESPIRITOSANTO,
,745532811,ABREUELIMA,PERNAMBUCO,
,746184747,DOURADOS,MATOGROSSODOSUL,
,233220387,INDIARA,GOIAS,
,187536861,LONDRINA,PARANA,
,346093307,TIMON,MARANHAO,
,41979376,SANTAALBERTINA,SAOPAULO,
,203033093,SETELAGOAS,MINASGERAIS,
,245864328,SAOPAULO,SAOPAULO,
,361333355,SIMOESFILHO,BAHIA,
,65063264,FORTALEZA,CEARA,
,173665123,REDENCAO,PARA,
,87344933,VARGEMGRANDEDOSUL,SAOPAULO,
,119374280,PRESIDENTEFIGUEIREDO,AMAZONAS,
,55260301,MORROAGUDO,SAOPAULO,
,119245093,TELEMACOBORBA,PARANA,
,177781312,JOINVILLE,SANTACATARINA,
,267657395,CAMPINAGRANDE,PARAIBA,
,651239141,ANANINDEUA,PARA,
,273432227,MARABA,PARA,
,762738576,VARZEAGRANDE,MATOGROSSO,
,665212413,RIODEJANEIRO,RIODEJANEIRO,
,118546843,GOITACAZES,RIODEJANEIRO,
,43086413,SAOJOSEDOSCAMPOS,SAOPAULO,
,161006293,MANAUS,AMAZONAS,
,269924195,FORTALEZA,CEARA,
,157114568,CAXIASDOSUL,RIOGRANDEDOSUL,
,131437016,JOINVILLE,SANTACATARINA,
,13562664,RIODEJANEIRO,RIODEJANEIRO,
,151187440,CUIABA,MATOGROSSO,
,182509840,RIODEJANEIRO,RIODEJANEIRO,
,166967483,OLINDA,PERNAMBUCO,
,794127624,SALVADOR,BAHIA,
,57534693,SAOPAULO,SAOPAULO,
5227401381,334268000,SIMOESFILHO,BAHIA,
,761288,EWBANKDACAMARA,MINASGERAIS,
,199791536,CAMPOSDOSGOYTACAZES,RIODEJANEIRO,
,793940763,TEIXEIRADEFREITAS,BAHIA,
,335443795,BARRADESANTAROSA,PARAIBA,
,151784187,REMIGIO,PARAIBA,
,289561445,MACEIO,ALAGOAS,
,50526832,SAOMATEUS,ESPIRITOSANTO,
,86438635,SAOCAETANODOSUL,SAOPAULO,
,229577744,JOAOPESSOA,PARAIBA,
,76965664,MANAUS,AMAZONAS,
,242070669,ABRANTES,BAHIA,
,171109915,NATAL,RIOGRANDEDONORTE,
,221711680,EUCLIDESDACUNHA,BAHIA,
,125364531,QUIRINOPOLIS,GOIAS,
,117921885,CURITIBA,PARANA,
,128222520,NOVAROSALANDIA,TOCANTINS,
,275794053,PRAIAGRANDE,SAOPAULO,
,123015336,SAOLUIS,MARANHAO,
,119341115,RIODEJANEIRO,RIODEJANEIRO,
,129725851,SAOPAULO,SAOPAULO,
,26663805,CACIMBINHAS,ALAGOAS,
,139589365,SAOLUIS,MARANHAO,
,159169637,PLANALTINA,DISTRITOFEDERAL,
,198134576,ENCANTADO,CEARA,
,209002317,SALVADOR,BAHIA,
,91703413,CANDIDOMOTA,SAOPAULO,
,158137885,CAMPINAS,SAOPAULO,
,179887125,SAOJOAODEMERITI,RIODEJANEIRO,
,30123787,IPIXUNADOPARA,PARA,
,66271896,SAOPAULO,SAOPAULO,
,109969931,PORTOALEGRE,RIOGRANDEDOSUL,
,379324504,INDAIATUBA,SAOPAULO,
,397415144,ARACI,BAHIA,
,362557621,SALVADOR,BAHIA,
,691125720,GUARIBA,SAOPAULO,
,1056909,ITINGA,MINASGERAIS,
,17681227,BELOHORIZONTE,MINASGERAIS,
,258493085,URUGUAIANA,RIOGRANDEDOSUL,
,124601264,SAOPAULO,SAOPAULO,
,48769157,INDAIATUBA,SAOPAULO,
,48706781,SAOPAULO,SAOPAULO,
,81791915,LORETO,MARANHAO,
,122224379,ARACAJU,SERGIPE,
,65027077,ANANINDEUA,PARA,
,153290291,RIODEJANEIRO,RIODEJANEIRO,
,273608544,MANAUS,AMAZONAS,
,216149120,SANTANADEPARNAIBA,SAOPAULO,
,189930968,SAOPAULO,SAOPAULO,
,148901339,BANDEIRANTES,GOIAS,
,146367715,SALVADOR,BAHIA,
,204274165,SIMOESFILHO,BAHIA,
,26772352,SAOPAULO,SAOPAULO,
,194765267,ANDRADAS,MINASGERAIS,
,213086013,APARECIDADEGOIANIA,GOIAS,
,342982760,TERESINA,PIAUI,
,761091600,GUARULHOS,SAOPAULO,
,50281651,BRASILEIA,ACRE,
,842297176,SAOPAULO,SAOPAULO,
,668216328,PIRAJU,SAOPAULO,
,277861416,CAMPOSBELOS,GOIAS,
,267769576,MARACANAU,CEARA,
,243438480,SAOPAULO,SAOPAULO,
,373134131,NOVASERRANA,MINASGERAIS,
,237638619,ILHEUS,BAHIA,
,179828805,SANTOANDRE,SAOPAULO,
,99059016,FEIRADESANTANA,BAHIA,
,41691536,TANGARA,RIOGRANDEDONORTE,
,150774125,SAOFRANCISCODEASSIS,RIOGRANDEDOSUL,
,119920683,SALVADOR,BAHIA,
,141339149,SAOLEOPOLDO,RIOGRANDEDOSUL,
,73543653,JOSEDAPENHA,RIOGRANDEDONORTE,
,786579957,ARATUIPE,BAHIA,
,345039312,ICARA,SANTACATARINA,
,47296965,FORTALEZA,CEARA,
,252623253,JABOTICABAL,SAOPAULO,
,280176165,CARUARU,PERNAMBUCO,
,273587861,SAOPAULO,SAOPAULO,
,743183723,FORTALEZA,CEARA,
,55978435,SAOPAULO,SAOPAULO,
,363304621,BOMJESUSDALAPA,BAHIA,
,271694765,FORTALEZA,CEARA,
,92854360,SUZANO,SAOPAULO,
,234755920,CAMPOGRANDE,MATOGROSSODOSUL,
,291037952,SAOLUIS,MARANHAO,
,146013504,PRIMEIRODEMAIO,PARANA,
,8712832,BOMJESUSDALAPA,BAHIA,
,363095376,SALVADOR,BAHIA,
,1796413,UBERLANDIA,MINASGERAIS,
,233500437,SAOPAULO,SAOPAULO,
,691598747,SAOJOSEDORIOPRETO,SAOPAULO,
,254661760,CONSELHEIROLAFAIETE,MINASGERAIS,
,351192973,CABODESANTOAGOSTINHO,PERNAMBUCO,
,249229320,SOROCABA,SAOPAULO,
,203914859,CASCAVEL,PARANA,
,45345709,RIODEJANEIRO,RIODEJANEIRO,
,250632899,SANTOANTONIODEJESUS,BAHIA,
,17821731,LORENA,SAOPAULO,
,86877581,IMPERATRIZ,MARANHAO,
,373700880,OSVALDOCRUZ,SAOPAULO,
,374543147,PARAUAPEBAS,PARA,
,86733576,RESENDE,RIODEJANEIRO,
,345816496,TIMON,MARANHAO,
,54415955,JORDANESIA,SAOPAULO,
,130483160,SALVADOR,BAHIA,
,336731163,SIMOESFILHO,BAHIA,
,218420837,DIVINOPOLIS,MINASGERAIS,
,170616213,JANDIRA,SAOPAULO,
,96774976,RECANTODASEMAS,DISTRITOFEDERAL,
,161485221,VILHENA,RONDONIA,
,81772296,SAOPAULO,SAOPAULO,
,218971093,SAOPAULO,SAOPAULO,
,66674131,BOAVISTA,RORAIMA,
,98660968,VARGEMGRANDEDOSUL,SAOPAULO,
,89256176,NATAL,RIOGRANDEDONORTE,
,86318088,ARCOVERDE,PERNAMBUCO,
,116245757,PORTOALEGRE,RIOGRANDEDOSUL,
,177516947,BELOHORIZONTE,MINASGERAIS,
,70960181,VALENCA,BAHIA,
,221232533,CARUARU,PERNAMBUCO,
,59466501,SAOPAULO,SAOPAULO,
,191659859,FLORIANOPOLIS,SANTACATARINA,
,230667323,GUARUJA,SAOPAULO,
,122101720,SALVADOR,BAHIA,
9639103101,25177053,IJACI,MINASGERAIS,
,147370043,FEIRADESANTANA,BAHIA,
,50534152,MORADANOVA,CEARA,
,279875024,GOIANIA,GOIAS,
,268300027,LAURODEFREITAS,BAHIA,
,131093432,FORTALEZA,CEARA,
,139808573,CAUCAIA,CEARA,
,282662251,CIDADENAOENCONTRADA,ESTADONAOENCONTRADO,
,52587099,PORTOVELHO,RONDONIA,
,255186669,GOIANIA,GOIAS,
,36508576,ITAUNA,MINASGERAIS,
,264734816,SAOJOSEDORIOPRETO,SAOPAULO,
,183739835,CAMBUI,MINASGERAIS,
,151488741,SAOJOSE,SANTACATARINA,
,214782411,PARANAGUA,PARANA,
,669096421,PEDERNEIRAS,SAOPAULO,
,184457115,SALVADOR,BAHIA,
,268694552,CRATEUS,CEARA,
,285334981,SAOPAULO,SAOPAULO,
,195542317,PACODOLUMIAR,MARANHAO,
,96735091,TAQUARALTO,TOCANTINS,
,161046381,MARACANAU,CEARA,
,6602989,SERRA,ESPIRITOSANTO,
,51229461,CARIACICA,ESPIRITOSANTO,
,84052717,MOGIGUACU,SAOPAULO,
,24493808,FEIRADESANTANA,BAHIA,
,215763416,TUCANO,BAHIA,
,212462067,SALVADOR,BAHIA,
,151980944,PORTOALEGRE,RIOGRANDEDOSUL,
,280257493,SALVADOR,BAHIA,
,159527512,MANAUS,AMAZONAS,
,127775027,LONDRINA,PARANA,
,39960456,RIODEJANEIRO,RIODEJANEIRO,
,124481157,IBATE,SAOPAULO,
,1221011,RIBEIRAODASNEVES,MINASGERAIS,
,5591037,RIODEJANEIRO,RIODEJANEIRO,
,10853213,SANTOS,SAOPAULO,
,78312915,DUQUEDECAXIAS,RIODEJANEIRO,
,195012133,EMBUDASARTES,SAOPAULO,
,248049037,EMBUDASARTES,SAOPAULO,
,203027029,JABOTICABAL,SAOPAULO,
,343351979,FLORIANO,PIAUI,
,137474917,ACU,RIOGRANDEDONORTE,
,261994189,PORTODEMOZ,PARA,
,91120109,MUZAMBINHO,MINASGERAIS,
,339362152,BOQUIM,SERGIPE,
,97014443,RIODOSUL,SANTACATARINA,
,35032032,MESQUITA,RIODEJANEIRO,
,68078776,GOIANIA,GOIAS,
,237055472,GENERALCARNEIRO,MATOGROSSO,
,17820536,SAOJOSEDACOROAGRANDE,PERNAMBUCO,
,369988379,FORTALEZA,CEARA,
,291935224,BARUERI,SAOPAULO,
,687612309,GUARULHOS,SAOPAULO,
,338828752,FEIRADESANTANA,BAHIA,
,73584221,LADARIO,MATOGROSSODOSUL,
,167378107,VICOSA,MINASGERAIS,
,270568453,BARREIRAS,BAHIA,
,380043973,ITAJUBA,MINASGERAIS,
,235187515,PORTOALEGRE,RIOGRANDEDOSUL,
,284390216,ITATIBA,SAOPAULO,
,102234736,JUAZEIRO,BAHIA,
,250598528,SAOPAULO,SAOPAULO,
,256481344,SAOPAULO,SAOPAULO,
,206068291,SABARA,MINASGERAIS,
,206446253,ARACAJU,SERGIPE,
,200977701,CONTAGEM,MINASGERAIS,
,190802211,OLINDA,PERNAMBUCO,
,77833851,BALNEARIOCAMBORIU,SANTACATARINA,
,138888221,ILHEUS,BAHIA,
,744213349,MANAUS,AMAZONAS,
,106462451,BALNEARIOCAMBORIU,SANTACATARINA,
,50505584,SAOBERNARDODOCAMPO,SAOPAULO,
,88592923,PARANAGUA,PARANA,
,31550957,FRUTAL,MINASGERAIS,
,676997072,VARZEAPAULISTA,SAOPAULO,
,241364432,SAOPAULO,SAOPAULO,
,23926659,RIODEJANEIRO,RIODEJANEIRO,
,135262171,PATOBRANCO,PARANA,
,145299077,SAOBERNARDODOCAMPO,SAOPAULO,
,269472272,SETELAGOAS,MINASGERAIS,
,45289989,ADAMANTINA,SAOPAULO,
,83051533,PACODOLUMIAR,MARANHAO,
,27601296,SAOBENTODOSUL,SANTACATARINA,
,63035883,BREJINHO,RIOGRANDEDONORTE,
,41313765,SAOPAULO,SAOPAULO,
,719471416,BELEM,PARA,
,187904888,SAOJOSE,SANTACATARINA,
,279315176,VARZEAALEGRE,CEARA,
,128101613,SAOCARLOS,SAOPAULO,
,121651672,JUNDIAI,SAOPAULO,
,337108651,BRASILIA,DISTRITOFEDERAL,
,270034472,APARECIDADEGOIANIA,GOIAS,
,32737525,CONTAGEM,MINASGERAIS,
,65391613,MANAUS,AMAZONAS,
,59824821,JAU,SAOPAULO,
,14382144,TERESOPOLIS,RIODEJANEIRO,
,18399355,POCOREDONDO,SERGIPE,
,233478843,NITEROI,RIODEJANEIRO,
,47735224,BRAGANCA,PARA,
,286488611,SENAMADUREIRA,ACRE,
,146368080,SALVADOR,BAHIA,
,224368133,JUIZDEFORA,MINASGERAIS,
,37269272,APUCARANA,PARANA,
,810293963,PEDERNEIRAS,SAOPAULO,
,45604128,CUBATAO,SAOPAULO,
,60294227,IGUATU,CEARA,
,257203475,FERNANDOFALCAO,MARANHAO,
,80992696,CAJATI,SAOPAULO,
,49256341,OSASCO,SAOPAULO,
,819772360,BRASILIA,DISTRITOFEDERAL,
,66601400,CAICO,RIOGRANDEDONORTE,
,154620184,ARAGUAINA,TOCANTINS,
,101289336,SAOPAULO,SAOPAULO,
,689481504,MARILIA,SAOPAULO,
,55019715,SAOJOSEDOSCAMPOS,SAOPAULO,
,209558875,BEMPOSTA,RIODEJANEIRO,
,159388987,BELEM,PARA,
,66407413,FORTALEZA,CEARA,
,48697728,RIODEJANEIRO,RIODEJANEIRO,
,51472176,VOLTAREDONDA,RIODEJANEIRO,
,175738280,IMPERATRIZ,MARANHAO,
,76427451,SAOPAULO,SAOPAULO,
,97835360,OLHOD'AGUADASCUNHAS,MARANHAO,
,191985677,LAGONORTE,DISTRITOFEDERAL,
,54125885,ATIBAIA,SAOPAULO,
,396365045,ARACAJU,SERGIPE,
,240077315,CAMACARI,BAHIA,
,648421221,NOVAGUARITA,MATOGROSSO,
,384340781,ANAPOLIS,GOIAS,
,20055589,BELOHORIZONTE,MINASGERAIS,
,43903933,MOGIDASCRUZES,SAOPAULO,
,257753875,FEIRADESANTANA,BAHIA,
,122264021,RIOGRANDE,RIOGRANDEDOSUL,
,354696411,TEIXEIRADEFREITAS,BAHIA,
,136411867,NITEROI,RIODEJANEIRO,
,254485789,CURITIBA,PARANA,
,807424760,SAOPAULO,SAOPAULO,
,63144901,HOLAMBRA,SAOPAULO,
,105241235,CURITIBA,PARANA,
,84313125,SALVADOR,BAHIA,
,245283184,SAOBERNARDODOCAMPO,SAOPAULO,
,344164933,PRAIAGRANDE,SAOPAULO,
,756125501,CAMPINAGRANDE,PARAIBA,
,709013019,FORTALEZA,CEARA,
,219992643,NOVOHAMBURGO,RIOGRANDEDOSUL,
,138059131,LUISEDUARDOMAGALHAES,BAHIA,
,156867768,RIODEJANEIRO,RIODEJANEIRO,
,672095931,SOROCABA,SAOPAULO,
,386513056,BOCAIUVA,MINASGERAIS,
,772295157,FORTALEZA,CEARA,
,857375200,BRASILIA,DISTRITOFEDERAL,
,56986429,FEIRADESANTANA,BAHIA,
,20487843,JAU,SAOPAULO,
,731075021,RIODEJANEIRO,RIODEJANEIRO,
,64374795,RIOGRANDE,RIOGRANDEDOSUL,
,210327499,BETANIA,PERNAMBUCO,
,407199891,BLUMENAU,SANTACATARINA,
,135075000,MARACANAU,CEARA,
,17649485,ALMIRANTETAMANDARE,PARANA,
,122329709,BRASILIA,DISTRITOFEDERAL,
,66165069,FRANCISCOSANTOS,PIAUI,
,169509605,ACEGUA,RIOGRANDEDOSUL,
,341560499,RECIFE,PERNAMBUCO,
,349928477,CUIABA,MATOGROSSO,
,194061245,MOSSORO,RIOGRANDEDONORTE,
,34492288,JUIZDEFORA,MINASGERAIS,
,345016120,MANAUS,AMAZONAS,
,157149261,SAOGERALDODOARAGUAIA,PARA,
,287560131,PARACURU,CEARA,
,31480885,ARARAS,SAOPAULO,
,224652157,MANAUS,AMAZONAS,
,753049800,JABOATAODOSGUARARAPES,PERNAMBUCO,
,142616155,MAGE,RIODEJANEIRO,
,100379752,ITABUNA,BAHIA,
,229452325,ALTAMIRA,PARA,
,270318232,RECIFE,PERNAMBUCO,
,63990893,BREUBRANCO,PARA,
,357104459,QUIRINOPOLIS,GOIAS,
,374881872,INACIOLANDIA,GOIAS,
,99574792,MANAUS,AMAZONAS,
,633599717,LAURODEFREITAS,BAHIA,
,70248629,SALVADOR,BAHIA,
,671877227,SAOPAULO,SAOPAULO,
,26831307,ARARI,MARANHAO,
,28622752,CARAVELAS,BAHIA,
,89659584,PIRASSUNUNGA,SAOPAULO,
,243821069,FEIRADESANTANA,BAHIA,
,387570467,AREALVA,SAOPAULO,
,354412568,TEIXEIRADEFREITAS,BAHIA,
,162531397,SILVAJARDIM,RIODEJANEIRO,
,197108571,CANOINHAS,SANTACATARINA,
,146865000,ALAGOINHAS,BAHIA,
,58961832,BELEM,PARA,
,202833675,FOZDOIGUACU,PARANA,
,345289304,BETIM,MINASGERAIS,
,241216384,PORTOVELHO,RONDONIA,
,195904397,RIODEJANEIRO,RIODEJANEIRO,
,235685579,CONTAGEM,MINASGERAIS,
,107346101,RIODEJANEIRO,RIODEJANEIRO,
,222292699,SAOBENTODOSUL,SANTACATARINA,
,283908261,SAOBERNARDODOCAMPO,SAOPAULO,
,20726344,TIMOTEO,MINASGERAIS,
,121526256,MAUA,RIOGRANDEDOSUL,
,141605272,MASCOTE,BAHIA,
,153811467,CURITIBA,PARANA,
,200895587,ALTODORODRIGUES,RIOGRANDEDONORTE,
,106112653,JABOATAODOSGUARARAPES,PERNAMBUCO,
,99722947,PEDRODOROSARIO,MARANHAO,
,227452019,FORTALEZA,CEARA,
,210106597,MORRODOCHAPEU,BAHIA,
,136361133,VALPARAISODEGOIAS,GOIAS,
,3674219,RIODEJANEIRO,RIODEJANEIRO,
,133908560,SAOGONCALO,RIODEJANEIRO,
,288038955,JAU,SAOPAULO,
,291288568,SALVADOR,BAHIA,
,125000621,LAGONORTE,DISTRITOFEDERAL,
,88028568,OSASCO,SAOPAULO,
,330688957,FORTALEZA,CEARA,
,191375880,CONTAGEM,MINASGERAIS,
,188502219,BAURU,SAOPAULO,
,31680227,SAOJOSE,SANTACATARINA,
,175869741,PASSOFUNDO,RIOGRANDEDOSUL,
,691376901,SAOPAULO,SAOPAULO,
,105634915,GOIANIA,GOIAS,
,648467749,MARABA,PARA,
,171810288,AGUDOS,SAOPAULO,
,121111533,LAGES,SANTACATARINA,
,114332675,SERTAOZINHO,SAOPAULO,
,58556565,SALES,SAOPAULO,
,349993203,CATANDUVA,SAOPAULO,
,271998984,ILHASOLTEIRA,SAOPAULO,
,178315907,BIGUACU,SANTACATARINA,
,196413832,OLINDA,PERNAMBUCO,
,66203576,BELEM,PARA,
,262595931,ADAMANTINA,SAOPAULO,
,48125501,ITAPETINGA,BAHIA,
,39231461,MARILIA,SAOPAULO,
,211062251,TANGUA,RIODEJANEIRO,
,221420707,FORTALEZA,CEARA,
,117157939,TAGUATINGA,DISTRITOFEDERAL,
,663150061,SANTACRUZDOCAPIBARIBE,PERNAMBUCO,
,761143677,ITAJAI,SANTACATARINA,
,792230635,TRESLAGOAS,MATOGROSSODOSUL,
,94391477,FORTALEZA,CEARA,
,75153549,CAMPINAS,SAOPAULO,
,251803176,PETROLINA,PERNAMBUCO,
,56664573,LAGONORTE,DISTRITOFEDERAL,
,197295616,BELOHORIZONTE,MINASGERAIS,
,344223875,BELOHORIZONTE,MINASGERAIS,
,1209483,JAU,SAOPAULO,
,140828597,SAOPAULO,SAOPAULO,
,428852864,VICENTINOPOLIS,SAOPAULO,
,29789781,SAOPAULO,SAOPAULO,
,32307749,MARINGA,PARANA,
,361949800,SAOFRANCISCODOCONDE,BAHIA,
,804112173,SAOGONCALO,RIODEJANEIRO,
,51927051,NOVAIGUACU,RIODEJANEIRO,
,129530037,NOVOHORIZONTE,SAOPAULO,
,351870896,SAOPAULO,SAOPAULO,
,18329755,SERRA,ESPIRITOSANTO,
,129820264,SIMOESFILHO,BAHIA,
,656352115,RECIFE,PERNAMBUCO,
,682771544,BELEM,PARA,
,106917520,JABOATAODOSGUARARAPES,PERNAMBUCO,
,343505805,BRASILIA,DISTRITOFEDERAL,
,166743768,RIODEJANEIRO,RIODEJANEIRO,
,,,,marcador
